	feature	metadata	value	coef	stderr	N	N.not.0	pval	qval	Pathways	Names	Level 1	Level 1.1	Level 2.1	Level 1.2	Level 2.2	Level 1.3	Level 2.3
0	PWY0-1415	Week_and_consortia	NS6_w9w10	5.4650449612611	0.104032377856818	76	22	2.4908234079480204e-60	7.64682786240043e-58	PWY0-1415	superpathway of heme <i>b</i> biosynthesis from uroporphyrinogen-III	Superpathways	Biosynthesis	Cofactor, carrier, and vitamin biosynthesis	Biosynthesis	Tetrapyrrole biosynthesis		
1	PWY-5920	Week_and_consortia	NS6_w9w10	5.47414329572654	0.105836921136849	76	22	2.40775675706495e-59	3.6959066220947e-57	PWY-5920	superpathway of heme <i>b</i> biosynthesis from glycine	Superpathways	Biosynthesis	Cofactor, carrier, and vitamin biosynthesis	Biosynthesis	Tetrapyrrole biosynthesis		
2	PWY-6572	Week_and_consortia	NS6_w9w10	1.30461411509074	0.0288564589105057	76	20	3.4136096277540694e-55	3.49326051906833e-53	PWY-6572	chondroitin sulfate degradation I (bacterial)	Degradation/utilization/assimilation	Degradation/utilization/assimilation	Carbohydrate degradation				
3	PWY-5419	Week_and_consortia	NS6_w9w10	-6.2366407503561	0.179910583487748	76	74	1.6890372556458e-47	1.29633609370815e-45	PWY-5419	catechol degradation to 2-hydroxypentadienoate II // catechol degradation, <I>meta</I>-cleavage	Degradation/utilization/assimilation						
4	PWY-5420	Week_and_consortia	NS6_w9w10	-5.44949257827998	0.164605328463417	76	74	4.1483729869244405e-46	2.5471010139716e-44	PWY-5420	catechol degradation II (<I>meta</I>-cleavage pathway) // 4-oxalocrotonate pathway	Degradation/utilization/assimilation	Superpathways					
5	PWY-5177	Week_and_consortia	NS6_w9w10	-2.09470007254127	0.0659547324587442	76	56	1.7245457911808e-44	7.673830771205219e-43	PWY-5177	glutaryl-CoA degradation	Degradation/utilization/assimilation						
6	PWY-7090	Week_and_consortia	NS6_w9w10	3.45043892282503	0.108639610503614	76	76	1.7497334006005402e-44	7.673830771205219e-43	PWY-7090	UDP-2,3-diacetamido-2,3-dideoxy-&alpha;-D-mannuronate biosynthesis // UDP-ManNAc(3NAc)A biosynthesis // Wbp pathway	Biosynthesis						
7	PWY-6148	Week_and_consortia	NS6_w9w10	-2.45820429003461	0.0878819343254201	76	56	9.31360028570101e-41	3.5740941096377603e-39	PWY-6148	tetrahydromethanopterin biosynthesis // H<sub>4</sub>MPT biosynthesis	Biosynthesis						
8	PWY-2201	Week_and_consortia	NS6_w9w10	-2.52017883310093	0.0905272174408992	76	56	1.28058048696048e-40	4.36820232774297e-39	PWY-2201	folate transformations I	Biosynthesis						
9	KETOGLUCONMET-PWY	Week_and_consortia	NS6_w9w10	-2.52707816397698	0.0927666813535073	76	56	5.442657623508929e-40	1.67089589041724e-38	KETOGLUCONMET-PWY	ketogluconate metabolism	Degradation/utilization/assimilation	Superpathways					
10	GLUCARDEG-PWY	Week_and_consortia	NS6_w9w10	1.70981354829678	0.0629394636677067	76	76	6.46819915874933e-40	1.8052155833964e-38	GLUCARDEG-PWY	<i>D</i>-glucarate degradation I // <i>D</i>-glucarate catabolism	Degradation/utilization/assimilation						
11	PWY-6344	Week_and_consortia	NS6_w9w10	-1.74408358307119	0.06511243085175	76	56	8.05345199123168e-40	2.06034146775677e-38	PWY-6344	L-arginine degradation XIV (oxidative Stickland reaction) // L-arginine fermentation	Degradation/utilization/assimilation	Generation of precursor metabolites and energy					
12	PWY0-1277	Week_and_consortia	NS6_w9w10	2.38090347122536	0.0925289170152356	76	20	2.23335707048037e-38	5.27415862028827e-37	PWY0-1277	3-phenylpropanoate and 3-(3-hydroxyphenyl)propanoate degradation // 3-phenylpropionate and 3-(3-hydroxyphenyl)propionate degradation	Degradation/utilization/assimilation	Superpathways					
13	TEICHOICACID-PWY	Week_and_consortia	NS6_w9w10	1.39609083546828	0.0568264371546053	76	76	4.88905973701449e-37	1.0721009566167501e-35	TEICHOICACID-PWY	poly(glycerol phosphate) wall teichoic acid biosynthesis // major teichoic acid biosynthesis // glycerol teichoic acid biosynthesis	Biosynthesis						
14	ARGDEG-PWY	Week_and_consortia	NS6_w9w10	2.76413307393266	0.113427748850513	76	20	7.81444134643978e-37	1.49939593334813e-35	ARGDEG-PWY	superpathway of L-arginine, putrescine, and 4-aminobutanoate degradation // L-arginine utilization // ADC pathway	Degradation/utilization/assimilation	Superpathways					
15	ORNARGDEG-PWY	Week_and_consortia	NS6_w9w10	2.76413307393266	0.113427748850513	76	20	7.81444134643978e-37	1.49939593334813e-35	ORNARGDEG-PWY	superpathway of L-arginine and L-ornithine degradation	Degradation/utilization/assimilation	Superpathways					
16	PWY-4984	Week_and_consortia	NS6_w9w10	-0.881960946458955	0.0367493960275665	76	76	1.1910913451389299e-36	2.15097084092737e-35	PWY-4984	urea cycle // Krebs ornithine cycle // Krebs-Henseleit cycle	Degradation/utilization/assimilation						
17	P281-PWY	Week_and_consortia	NS6_w9w10	2.66534873553579	0.110892401934667	76	20	1.93419823774487e-36	3.2988825499315304e-35	P281-PWY	3-phenylpropanoate degradation // 3-phenylpropionate degradation // 3-phenylpropionic acid degradation	Degradation/utilization/assimilation	Superpathways					
18	HCAMHPDEG-PWY	Week_and_consortia	NS6_w9w10	2.80032118502553	0.117818018652286	76	20	3.97680813315465e-36	6.04072137841935e-35	HCAMHPDEG-PWY	3-phenylpropanoate and 3-(3-hydroxyphenyl)propanoate degradation to 2-hydroxypentadienoate // 3-phenylpropionate and 3-(3-hydroxyphenyl)propionate degradation to 2-oxopent-4-enoate	Degradation/utilization/assimilation						
19	PWY-6588	Week_and_consortia	NS6_w9w10	-2.97590751391794	0.125169662756735	76	76	4.1320895422412495e-36	6.04072137841935e-35	PWY-6588	pyruvate fermentation to acetone // acetone fermentation // pyruvic acid fermentation to acetone	Generation of precursor metabolites and energy						
20	PWY-6690	Week_and_consortia	NS6_w9w10	2.80032118502553	0.117818018652286	76	20	3.97680813315465e-36	6.04072137841935e-35	PWY-6690	cinnamate and 3-hydroxycinnamate degradation to 2-hydroxypentadienoate	Degradation/utilization/assimilation						
21	PWY-5415	Week_and_consortia	NS6_w9w10	-4.22693169233263	0.179682507449444	76	74	7.811544500962659e-36	1.09006552808888e-34	PWY-5415	catechol degradation I (<I>meta</I>-cleavage pathway)	Degradation/utilization/assimilation	Superpathways					
22	ORNDEG-PWY	Week_and_consortia	NS6_w9w10	2.67287872691645	0.114101336066367	76	20	1.03652604316102e-35	1.3835369358714498e-34	ORNDEG-PWY	superpathway of ornithine degradation	Degradation/utilization/assimilation	Superpathways					
23	P163-PWY	Week_and_consortia	NS6_w9w10	-1.67898062981175	0.0730332727181372	76	56	3.5219683836347704e-35	4.5051845573994694e-34	P163-PWY	L-lysine fermentation to acetate and butanoate // 3-keto-5-aminohexanoate pathway // L-lysine fermentation to acetate and butyrate // L-lysine fermentation to acetic acid and butanoic acid	Degradation/utilization/assimilation	Generation of precursor metabolites and energy					
24	PWY-7332	Week_and_consortia	NS6_w9w10	1.96120674863334	0.0855819806544538	76	20	4.42439200689472e-35	5.43315338446672e-34	PWY-7332	superpathway of UDP-<I>N</i>-acetylglucosamine-derived O-antigen building blocks biosynthesis	Superpathways	Biosynthesis	Carbohydrate biosynthesis				
25	PWY-7373	Week_and_consortia	NS6_w9w10	-2.5295486341427	0.114718228350675	76	56	5.1093857970682395e-34	6.0330055373075e-33	PWY-7373	superpathway of demethylmenaquinol-6 biosynthesis II // superpathway of demethylmenaquinone-6 biosynthesis II	Superpathways	Biosynthesis	Cofactor, carrier, and vitamin biosynthesis				
26	PWY-5910	Week_and_consortia	NS6_w9w10	-4.8808374542781	0.232452063605699	76	74	1.1230580824428901e-32	1.27695863448136e-31	PWY-5910	superpathway of geranylgeranyldiphosphate biosynthesis I (via mevalonate) // GGPP biosynthesis	Superpathways	Biosynthesis	Polyprenyl biosynthesis	Biosynthesis	Secondary metabolite biosynthesis		
27	PWY-922	Week_and_consortia	NS6_w9w10	-4.88929581057103	0.233277190763907	76	74	1.25842002508133e-32	1.3797676703570302e-31	PWY-922	mevalonate pathway I (eukaryotes and bacteria) // isoprenoid pathway // MVA pathway // isopentenyl diphosphate biosynthesis // dimethylallyl diphosphate biosynthesis	Biosynthesis						
28	REDCITCYC	Week_and_consortia	NS6_w9w10	-2.50702537551272	0.125355687078096	76	76	2.3958213841238703e-31	2.5362660859518198e-30	REDCITCYC	TCA cycle VI (Helicobacter) // Krebs cycle // tricarboxylic acid cycle // TCA cycle // citric acid cycle	Generation of precursor metabolites and energy						
29	NAD-BIOSYNTHESIS-II	Week_and_consortia	NS6_w9w10	2.21827579347037	0.112662353864602	76	76	6.118136250620321e-31	6.2608927631347894e-30	NAD-BIOSYNTHESIS-II	NAD salvage pathway III (to nicotinamide riboside) // nicotinamide adenine dinucleotide salvage	Biosynthesis						
30	CRNFORCAT-PWY	Week_and_consortia	NS6_w9w10	-2.0389276451652	0.104469980996801	76	56	6.63271236095129e-31	6.56852482197434e-30	CRNFORCAT-PWY	creatinine degradation I // creatinine catabolism	Degradation/utilization/assimilation						
31	PWY-7003	Week_and_consortia	NS6_w9w10	-2.21753754361673	0.1129625159382	76	76	7.21972437918201e-31	6.926423076277739e-30	PWY-7003	glycerol degradation to butanol	Superpathways	Generation of precursor metabolites and energy					
32	PWY-3781	Week_and_consortia	NS6_w9w10	3.04492672718811	0.159116642459225	76	20	3.50006784719688e-30	3.25612372451346e-29	PWY-3781	aerobic respiration I (cytochrome c)	Generation of precursor metabolites and energy						
33	PWY-7328	Week_and_consortia	NS6_w9w10	-1.11540346208164	0.0583685134633336	76	76	3.92470721581698e-30	3.54377975075239e-29	PWY-7328	superpathway of UDP-glucose-derived O-antigen building blocks biosynthesis	Superpathways	Biosynthesis	Carbohydrate biosynthesis				
34	PWY-7220	Week_and_consortia	NS6_w9w10	-0.710933391669796	0.0392657972700515	76	76	1.02082763570252e-28	8.705391226685339e-28	PWY-7220	adenosine deoxyribonucleotides <i>de novo</i> biosynthesis II	Biosynthesis						
35	PWY-7222	Week_and_consortia	NS6_w9w10	-0.710933391669796	0.0392657972700515	76	76	1.02082763570252e-28	8.705391226685339e-28	PWY-7222	guanosine deoxyribonucleotides <i>de novo</i> biosynthesis II	Biosynthesis						
36	PWY-6147	Week_and_consortia	NS6_w9w10	0.770705079782867	0.0434347697219606	76	76	3.33048614469354e-28	2.76340336870518e-27	PWY-6147	6-hydroxymethyl-dihydropterin diphosphate biosynthesis I	Biosynthesis						
37	PWY-7229	Week_and_consortia	NS6_w9w10	-0.338547155323491	0.0193047425632252	76	76	6.83836584751376e-28	5.52467977680717e-27	PWY-7229	superpathway of adenosine nucleotides <i>de novo</i> biosynthesis I (from IMP and L-aspartate)	Superpathways	Biosynthesis	Nucleoside and nucleotide biosynthesis				
38	PEPTIDOGLYCANSYN-PWY	Week_and_consortia	NS6_w9w10	0.316582524729946	0.0181986162862861	76	76	1.10250611717629e-27	8.67870199931078e-27	PEPTIDOGLYCANSYN-PWY	peptidoglycan biosynthesis I (<I>meso</I>-diaminopimelate containing)	Superpathways	Biosynthesis	Cell structure biosynthesis				
39	PWY-6126	Week_and_consortia	NS6_w9w10	-0.448489236278567	0.025981097125992	76	76	1.73770837675265e-27	1.33369117915766e-26	PWY-6126	superpathway of adenosine nucleotides <i>de novo</i> biosynthesis II (from IMP and L-aspartate)	Superpathways	Biosynthesis	Nucleoside and nucleotide biosynthesis				
40	PWY-6385	Week_and_consortia	NS6_w9w10	0.336120464485284	0.0200711700810585	76	76	1.0249869149451e-26	7.67490202166207e-26	PWY-6385	peptidoglycan biosynthesis III (mycobacteria)	Superpathways	Biosynthesis	Cell structure biosynthesis				
41	PWY-7228	Week_and_consortia	NS6_w9w10	-0.447681767041332	0.0267916064183889	76	76	1.16191574730115e-26	8.49305081955841e-26	PWY-7228	superpathway of guanosine nucleotides <i>de novo</i> biosynthesis I	Superpathways	Biosynthesis	Nucleoside and nucleotide biosynthesis				
42	PWY-6125	Week_and_consortia	NS6_w9w10	-0.519471186660039	0.0311763166390166	76	76	1.37093176087544e-26	9.78781512997114e-26	PWY-6125	superpathway of guanosine nucleotides <i>de novo</i> biosynthesis II	Superpathways	Biosynthesis	Nucleoside and nucleotide biosynthesis				
43	PWY-7197	Week_and_consortia	NS6_w9w10	-0.67135196756148	0.0403105105476502	76	76	1.41027203279374e-26	9.839852592447249e-26	PWY-7197	pyrimidine deoxyribonucleotide phosphorylation	Metabolic clusters	Biosynthesis	Nucleoside and nucleotide biosynthesis				
44	PWY-5189	Week_and_consortia	NS6_w9w10	-0.967344776716471	0.0582780505052512	76	76	1.71868972171481e-26	1.1725283212587701e-25	PWY-5189	uroporphyrinogen-III II (from glycine) // tetrapyrrole biosynthesis II (from glycine) // Shemin pathway	Biosynthesis						
45	HEXITOLDEGSUPER-PWY	Week_and_consortia	NS6_w9w10	-1.86973586012056	0.113786949094122	76	76	2.11576635612547e-26	1.3938390975872801e-25	HEXITOLDEGSUPER-PWY	superpathway of hexitol degradation (bacteria)	Degradation/utilization/assimilation	Degradation/utilization/assimilation	Carbohydrate degradation	Superpathways			
46	PWY-5188	Week_and_consortia	NS6_w9w10	-0.933692444217054	0.0564610574886158	76	76	2.13389047513362e-26	1.3938390975872801e-25	PWY-5188	uroporphyrinogen-III I (from glutamate) // tetrapyrrole biosynthesis I (from glutamate)	Biosynthesis						
47	PWY-5304	Week_and_consortia	NS6_w9w10	1.78836444830802	0.11062948065842	76	76	7.803458013524289e-26	4.99096168781657e-25	PWY-5304	superpathway of sulfur oxidation (<i>Acidianus ambivalens</i>)	Degradation/utilization/assimilation	Superpathways					
48	PWY-6387	Week_and_consortia	NS6_w9w10	0.38786961364236	0.0240656900743531	76	76	9.33862306834855e-26	5.850933228536741e-25	PWY-6387	UDP-<i>N</i>-acetylmuramoyl-pentapeptide biosynthesis I (<i>meso</i>-diaminopimelate containing)	Biosynthesis						
49	PWY-7234	Week_and_consortia	NS6_w9w10	-1.14236477425648	0.0714942061362034	76	76	1.0707141906099e-25	6.57418513034481e-25	PWY-7234	inosine-5'-phosphate biosynthesis III // IMP biosynthesis I	Biosynthesis						
50	PWY-7539	Week_and_consortia	NS6_w9w10	0.754958965253798	0.0470652152131269	76	76	1.1977622396090802e-25	7.210058971764491e-25	PWY-7539	6-hydroxymethyl-dihydropterin diphosphate biosynthesis III (Chlamydia)	Biosynthesis						
51	PWY-6731	Week_and_consortia	NS6_w9w10	-1.03986744332663	0.0652622431477795	76	76	1.7991482140984e-25	1.0621894264004e-24	PWY-6731	starch degradation III	Degradation/utilization/assimilation	Degradation/utilization/assimilation	Carbohydrate degradation				
52	PWY-6676	Week_and_consortia	NS6_w9w10	-5.64674816055475	0.357745788007344	76	62	2.16093854069856e-25	1.25171345659332e-24	PWY-6676	superpathway of sulfide oxidation (phototrophic sulfur bacteria)	Degradation/utilization/assimilation	Superpathways					
53	PWY0-1586	Week_and_consortia	NS6_w9w10	0.175452082242682	0.011287104166025	76	76	7.283162270279011e-25	4.1406126240289904e-24	PWY0-1586	peptidoglycan maturation (<i>meso</i>-diaminopimelate containing)	Biosynthesis						
54	GALACT-GLUCUROCAT-PWY	Week_and_consortia	NS6_w9w10	0.82360019989345	0.0530397860430115	76	76	7.7380695360652e-25	4.31924972285821e-24	GALACT-GLUCUROCAT-PWY	superpathway of hexuronide and hexuronate degradation // galacturonate and glucuronate catabolism // superpathway of galacturonate and glucuronate degradation	Superpathways						
55	GLUCOSE1PMETAB-PWY	Week_and_consortia	NS6_w9w10	0.664263130141169	0.043073757996148	76	76	1.12824378590754e-24	6.18519361202883e-24	GLUCOSE1PMETAB-PWY	glucose and glucose-1-phosphate degradation	Degradation/utilization/assimilation						
56	PWY-7196	Week_and_consortia	NS6_w9w10	-0.275980877048891	0.0179077161965317	76	76	1.14960584875805e-24	6.19173676436353e-24	PWY-7196	superpathway of pyrimidine ribonucleosides salvage	Superpathways	Biosynthesis	Nucleoside and nucleotide biosynthesis				
57	PYRIDNUCSAL-PWY	Week_and_consortia	NS6_w9w10	0.346533475407261	0.0229774150578665	76	76	3.94351008790766e-24	2.08734068446147e-23	PYRIDNUCSAL-PWY	NAD salvage pathway I (PNC VI cycle) // pyridine nucleotide cycling // nicotinamide adenine dinucleotide salvage	Biosynthesis						
58	PWY-5855	Week_and_consortia	NS6_w9w10	-0.645889228845122	0.0432955853344188	76	76	5.2508201362876104e-24	2.60000287393596e-23	PWY-5855	ubiquinol-7 biosynthesis (early decarboxylation) // ubiquinone-7 biosynthesis (prokaryotic) // ubiquinol-7 biosynthesis (prokaryotic)	Biosynthesis						
59	PWY-5856	Week_and_consortia	NS6_w9w10	-0.645889228845122	0.0432955853344188	76	76	5.2508201362876104e-24	2.60000287393596e-23	PWY-5856	ubiquinol-9 biosynthesis (early decarboxylation) // Q9 biosynthesis // ubiquinone-9 biosynthesis (prokaryotic) // ubiquinol-9 biosynthesis (prokaryotic)	Biosynthesis						
60	PWY-5857	Week_and_consortia	NS6_w9w10	-0.645889228845122	0.0432955853344188	76	76	5.2508201362876104e-24	2.60000287393596e-23	PWY-5857	ubiquinol-10 biosynthesis (early decarboxylation) // Q10 biosynthesis // ubiquinone-10 biosynthesis (prokaryotic) // ubiquinol-10 biosynthesis (prokaryotic)	Biosynthesis						
61	PWY-6708	Week_and_consortia	NS6_w9w10	-0.645889228845122	0.0432955853344188	76	76	5.2508201362876104e-24	2.60000287393596e-23	PWY-6708	ubiquinol-8 biosynthesis (early decarboxylation) // ubiquinone-8 biosynthesis (prokaryotic) // ubiquinol-8 biosynthesis (prokaryotic)	Biosynthesis						
62	PWY-7211	Week_and_consortia	NS6_w9w10	-0.559902646177678	0.0373911164752154	76	76	5.87146369893598e-24	2.86117358027515e-23	PWY-7211	superpathway of pyrimidine deoxyribonucleotides <i>de novo</i> biosynthesis	Superpathways	Biosynthesis	Nucleoside and nucleotide biosynthesis				
63	PWY-1622	Week_and_consortia	NS6_w9w10	5.33189958300881	0.360561853816389	76	67	8.558489264459151e-24	4.10540031904525e-23	PWY-1622	formaldehyde assimilation I (serine pathway)	Degradation/utilization/assimilation						
64	PWY-7237	Week_and_consortia	NS6_w9w10	-2.62362207968499	0.177670407316804	76	76	9.25964447019901e-24	4.3734013113093804e-23	PWY-7237	<i>myo</i>-, <i>chiro</i>- and <i>scyllo</i>-inositol degradation	Degradation/utilization/assimilation						
65	PWY-6612	Week_and_consortia	NS6_w9w10	0.213971741810032	0.0145242488793349	76	76	1.39913336782038e-23	6.41095438687846e-23	PWY-6612	superpathway of tetrahydrofolate biosynthesis // folic acid biosynthesis // folate biosynthesis // THF biosynthesis	Superpathways	Biosynthesis	Cofactor, carrier, and vitamin biosynthesis				
66	PWY-7399	Week_and_consortia	NS6_w9w10	-1.95635195991506	0.133454553977758	76	76	1.3878286409976902e-23	6.41095438687846e-23	PWY-7399	methylphosphonate degradation II	Degradation/utilization/assimilation						
67	UBISYN-PWY	Week_and_consortia	NS6_w9w10	-0.625914146114955	0.0433216251887486	76	76	3.08741654405666e-23	1.3938777632726399e-22	UBISYN-PWY	superpathway of ubiquinol-8 biosynthesis (early decarboxylation) // superpathway of ubiquinone-8 biosynthesis (prokaryotic) // superpathway of ubiquinol-8 biosynthesis (prokaryotic)	Superpathways	Biosynthesis	Cofactor, carrier, and vitamin biosynthesis				
68	P4-PWY	Week_and_consortia	NS6_w9w10	-0.826024351827484	0.0574892521506153	76	76	4.18160162843403e-23	1.86050971004239e-22	P4-PWY	superpathway of L-lysine, L-threonine and L-methionine biosynthesis I	Superpathways	Biosynthesis	Amino acid biosynthesis				
69	PWY-6386	Week_and_consortia	NS6_w9w10	0.49532486206242	0.0343997780602949	76	76	5.01760092895718e-23	2.20057640741408e-22	PWY-6386	UDP-<i>N</i>-acetylmuramoyl-pentapeptide biosynthesis II (lysine-containing)	Biosynthesis						
70	PWY-6263	Week_and_consortia	NS6_w9w10	-1.1876296724557	0.0835154704654148	76	76	7.35406729907362e-23	3.1798572687543698e-22	PWY-6263	superpathway of menaquinol-8 biosynthesis II // vitamin K<sub>2</sub> biosynthesis II // superpathway of menaquinone-8 biosynthesis II	Superpathways	Biosynthesis	Cofactor, carrier, and vitamin biosynthesis				
71	PWY-7374	Week_and_consortia	NS6_w9w10	-1.28474519492748	0.0911259848286307	76	76	1.17384784277136e-22	5.00515677403898e-22	PWY-7374	5,8-dihydroxy-2-naphthoate biosynthesis I // futalosine pathway // 1,4-dihydroxy-6-naphthoate biosynthesis I	Biosynthesis						
72	GLUCUROCAT-PWY	Week_and_consortia	NS6_w9w10	0.882002948062298	0.0623765191127409	76	76	1.33716844912241e-22	5.62343443672025e-22	GLUCUROCAT-PWY	superpathway of &beta;-D-glucuronides degradation (to pyruvate) // D-glucuronate catabolism // D-glucuronate degradation // glucuronic acid degradation // glucuronate degradation // &beta;-D-glucuronide degradation	Degradation/utilization/assimilation	Degradation/utilization/assimilation	Carbohydrate degradation	Superpathways			
73	ASPASN-PWY	Week_and_consortia	NS6_w9w10	0.724000048157604	0.0515553115018852	76	76	1.9334874201380098e-22	8.02135997273473e-22	ASPASN-PWY	superpathway of L-aspartate and L-asparagine biosynthesis // Interconversion of L-aspartate and L-asparagine	Superpathways	Biosynthesis	Amino acid biosynthesis				
74	PWY-7371	Week_and_consortia	NS6_w9w10	-1.29622360820418	0.0933264993869853	76	76	2.63269565526863e-22	1.07765008822329e-21	PWY-7371	5,8-dihydroxy-2-naphthoate biosynthesis II // modified futalosine pathway // 1,4-dihydroxy-6-naphthoate biosynthesis II	Biosynthesis						
75	PWY-5179	Week_and_consortia	NS6_w9w10	2.02898762886948	0.147390683208961	76	18	4.24301431493474e-22	1.7139544666907402e-21	PWY-5179	toluene degradation V (aerobic) (<I>via</I> toluene-<I>cis</I>-diol)	Degradation/utilization/assimilation	Superpathways					
76	ALL-CHORISMATE-PWY	Week_and_consortia	NS6_w9w10	-1.02982180732968	0.0751835461719519	76	76	7.28462842912224e-22	2.90439081524744e-21	ALL-CHORISMATE-PWY	superpathway of chorismate metabolism	Superpathways						
77	PWY0-162	Week_and_consortia	NS6_w9w10	-0.323588014100679	0.0236365452962268	76	76	7.48475528095133e-22	2.9459229118616102e-21	PWY0-162	superpathway of pyrimidine ribonucleotides <i>de novo</i> biosynthesis // pyrimidine biosynthesis	Superpathways	Biosynthesis	Nucleoside and nucleotide biosynthesis				
78	FOLSYN-PWY	Week_and_consortia	NS6_w9w10	0.180973398798234	0.013344053332355	76	76	1.21060272818974e-21	4.7044941462563304e-21	FOLSYN-PWY	superpathway of tetrahydrofolate biosynthesis and salvage	Superpathways	Biosynthesis	Cofactor, carrier, and vitamin biosynthesis				
79	PWY-841	Week_and_consortia	NS6_w9w10	-0.26779590302069	0.0197490368466331	76	76	1.23771512902946e-21	4.7497318076505604e-21	PWY-841	superpathway of purine nucleotides <i>de novo</i> biosynthesis I // purine biosynthesis 2	Superpathways	Biosynthesis	Nucleoside and nucleotide biosynthesis				
80	PWY-6143	Week_and_consortia	NS6_w9w10	-1.95415897812699	0.146066374121075	76	70	2.47078447447698e-21	9.364578193388071e-21	PWY-6143	CMP-pseudaminate biosynthesis // CMP-pseudaminic acid biosynthesis	Biosynthesis						
81	PWY-7210	Week_and_consortia	NS6_w9w10	-0.899486057964778	0.0672794673828608	76	76	2.6033436660916002e-21	9.74666470109906e-21	PWY-7210	pyrimidine deoxyribonucleotides biosynthesis from CTP	Metabolic clusters	Biosynthesis	Nucleoside and nucleotide biosynthesis				
82	PWY-5705	Week_and_consortia	NS6_w9w10	1.1822333078466	0.0884952192143139	76	76	2.67904411552085e-21	9.90923546343255e-21	PWY-5705	allantoin degradation to glyoxylate III	Degradation/utilization/assimilation	Superpathways					
83	PWY-5265	Week_and_consortia	NS6_w9w10	2.19085023426787	0.16675712216837	76	18	4.99268516005126e-21	1.82470755254255e-20	PWY-5265	peptidoglycan biosynthesis II (staphylococci)	Superpathways	Biosynthesis	Cell structure biosynthesis				
84	PWY0-781	Week_and_consortia	NS6_w9w10	-0.967662514666401	0.073382718324577	76	76	5.19968213477086e-21	1.87800284161724e-20	PWY0-781	aspartate superpathway	Superpathways						
85	FAO-PWY	Week_and_consortia	NS6_w9w10	-1.80476259189144	0.136907112313564	76	76	5.40388825252854e-21	1.92906243433286e-20	FAO-PWY	fatty acid &beta;-oxidation I (generic)	Degradation/utilization/assimilation						
86	PWY-5384	Week_and_consortia	NS6_w9w10	-1.16321815358931	0.0888438047374539	76	76	7.6916424934649e-21	2.71417729367095e-20	PWY-5384	sucrose degradation IV (sucrose phosphorylase)	Degradation/utilization/assimilation						
87	PWY-5347	Week_and_consortia	NS6_w9w10	0.648574886076366	0.049677838822432	76	76	8.79189637398789e-21	3.06717293956168e-20	PWY-5347	superpathway of L-methionine biosynthesis (transsulfuration)	Superpathways	Biosynthesis	Amino acid biosynthesis				
88	PWY-7242	Week_and_consortia	NS6_w9w10	0.73358526082114	0.0562514376584778	76	76	9.39681537659051e-21	3.24137339394751e-20	PWY-7242	D-fructuronate degradation	Degradation/utilization/assimilation	Degradation/utilization/assimilation	Carbohydrate degradation				
89	HOMOSER-METSYN-PWY	Week_and_consortia	NS6_w9w10	0.906097492444823	0.0696415451696877	76	76	1.04907959570045e-20	3.57852706533376e-20	HOMOSER-METSYN-PWY	L-methionine biosynthesis I // L-methionine biosynthesis from L-homoserine // L-methionine biosynthesis by transsulfuration	Biosynthesis						
90	PWY-3001	Week_and_consortia	NS6_w9w10	0.19312455502871	0.0149996759839804	76	76	1.8127316252743902e-20	6.11547921933229e-20	PWY-3001	superpathway of L-isoleucine biosynthesis I	Superpathways	Biosynthesis	Amino acid biosynthesis				
91	PWY-6383	Week_and_consortia	NS6_w9w10	-1.99582977401799	0.155894607425918	76	76	1.90129735312234e-20	6.344546602266931e-20	PWY-6383	<i>trans</i>,octa-<i>cis</i> decaprenyl phosphate biosynthesis // mono-<i>trans</i>,poly-<i>cis</i> decaprenyl phosphate biosynthesis	Biosynthesis	Biosynthesis	Polyprenyl biosynthesis				
92	PWY0-845	Week_and_consortia	NS6_w9w10	0.247651678037791	0.0192679646493889	76	76	1.95926458984189e-20	6.46767988259634e-20	PWY0-845	superpathway of pyridoxal 5'-phosphate biosynthesis and salvage // vitamin B<sub>6</sub> biosynthesis and salvage	Superpathways	Biosynthesis	Cofactor, carrier, and vitamin biosynthesis				
93	PWY-7111	Week_and_consortia	NS6_w9w10	-0.199086410300108	0.0157376357155875	76	76	3.50140187372634e-20	1.14354295237658e-19	PWY-7111	pyruvate fermentation to isobutanol (engineered) // isobutanol biosynthesis // pyruvic acid fermentation to isobutanol (engineered)	Generation of precursor metabolites and energy						
94	FUCCAT-PWY	Week_and_consortia	NS6_w9w10	-0.502143902378744	0.0398594014376823	76	76	4.32507236646472e-20	1.39768128053123e-19	FUCCAT-PWY	L-fucose degradation I // L-fucose catabolism	Degradation/utilization/assimilation						
95	PWY-5509	Week_and_consortia	NS6_w9w10	0.386421498626774	0.0306517753945707	76	76	5.2638182506649e-20	1.68332521141055e-19	PWY-5509	adenosylcobalamin biosynthesis from adenosylcobinamide-GDP I	Biosynthesis						
96	PWY-6269	Week_and_consortia	NS6_w9w10	0.395355641739863	0.0315004734748892	76	76	6.5853417486919e-20	2.0842267184004301e-19	PWY-6269	superpathway of adenosylcobalamin salvage from cobinamide II	Superpathways	Biosynthesis	Cofactor, carrier, and vitamin biosynthesis				
97	PWY-6507	Week_and_consortia	NS6_w9w10	0.73657834412911	0.0587175454380467	76	76	6.76630507649437e-20	2.1196486311058902e-19	PWY-6507	4-deoxy-L-<i>threo</i>-hex-4-enopyranuronate degradation // 5-dehydro-4-deoxy-D-glucuronate degradation	Degradation/utilization/assimilation						
98	MET-SAM-PWY	Week_and_consortia	NS6_w9w10	0.726811264539361	0.0580327515530006	76	76	7.234306727582591e-20	2.24336582360389e-19	MET-SAM-PWY	superpathway of <i>S</i>-adenosyl-L-methionine biosynthesis from L-aspartate	Superpathways	Biosynthesis	Cofactor, carrier, and vitamin biosynthesis				
99	THRESYN-PWY	Week_and_consortia	NS6_w9w10	0.306088169527577	0.0245058687912185	76	76	8.39459729558507e-20	2.5771413697446204e-19	THRESYN-PWY	superpathway of L-threonine biosynthesis	Superpathways	Biosynthesis	Amino acid biosynthesis				
100	ARGSYNBSUB-PWY	Week_and_consortia	NS6_w9w10	-0.423108199181839	0.0342785592526337	76	76	1.51143000195698e-19	4.594148619809841e-19	ARGSYNBSUB-PWY	L-arginine biosynthesis II (acetyl cycle)	Biosynthesis						
101	COLANSYN-PWY	Week_and_consortia	NS6_w9w10	-0.624088307394793	0.0510472767547093	76	76	2.4397202598958803e-19	7.343079605765061e-19	COLANSYN-PWY	colanic acid building blocks biosynthesis	Superpathways	Biosynthesis	Carbohydrate biosynthesis				
102	PWY-5154	Week_and_consortia	NS6_w9w10	0.342761846707966	0.0282950256892989	76	76	3.8286168923226803e-19	1.1411508601389e-18	PWY-5154	L-arginine biosynthesis III (via <i>N</i>-acetyl-L-citrulline)	Biosynthesis						
103	PWY-7184	Week_and_consortia	NS6_w9w10	-0.355798604957598	0.0294615718805289	76	76	4.34692244609147e-19	1.28317806822123e-18	PWY-7184	pyrimidine deoxyribonucleotides <i>de novo</i> biosynthesis I	Metabolic clusters	Biosynthesis	Nucleoside and nucleotide biosynthesis				
104	P125-PWY	Week_and_consortia	NS6_w9w10	1.49823911053836	0.125738421074702	76	76	6.95528731104503e-19	2.0335935280865002e-18	P125-PWY	superpathway of (<i>R,R</i>)-butanediol biosynthesis (from pyruvate) // butylene glycol fermentation // butanediol fermentation	Superpathways	Biosynthesis	Other biosynthesis				
105	HISDEG-PWY	Week_and_consortia	NS6_w9w10	0.786209144109758	0.067127247388098	76	76	1.96038054619027e-18	5.67770592151333e-18	HISDEG-PWY	L-histidine degradation I	Degradation/utilization/assimilation						
106	PWY-5505	Week_and_consortia	NS6_w9w10	0.538419437290321	0.0463822837503372	76	76	3.01273446738523e-18	8.64401384567539e-18	PWY-5505	L-glutamate and L-glutamine biosynthesis	Superpathways	Metabolic clusters		Biosynthesis	Amino acid biosynthesis		
107	PWY0-41	Week_and_consortia	NS6_w9w10	1.05761346836122	0.0915790481657172	76	76	3.82516855925032e-18	1.0873395811943e-17	PWY0-41	allantoin degradation IV (anaerobic)	Degradation/utilization/assimilation	Superpathways					
108	PWY-7199	Week_and_consortia	NS6_w9w10	0.52509666495041	0.045794253319811	76	76	5.39661524653022e-18	1.51996411071998e-17	PWY-7199	pyrimidine deoxyribonucleosides salvage	Biosynthesis						
109	ARO-PWY	Week_and_consortia	NS6_w9w10	-0.216010279739093	0.0193154009265174	76	76	1.73495374757458e-17	4.84209818641268e-17	ARO-PWY	chorismate biosynthesis I // aromatic amino acid biosynthesis // shikimate pathway	Superpathways	Biosynthesis	Carboxylic acid biosynthesis				
110	SER-GLYSYN-PWY	Week_and_consortia	NS6_w9w10	0.506907261087591	0.0455901489009037	76	76	2.28117287979758e-17	6.30918985673746e-17	SER-GLYSYN-PWY	superpathway of L-serine and glycine biosynthesis I	Superpathways	Biosynthesis	Amino acid biosynthesis				
111	P42-PWY	Week_and_consortia	NS6_w9w10	0.218844936601098	0.0197996452416541	76	76	2.5096332949310003e-17	6.87908412092693e-17	P42-PWY	incomplete reductive TCA cycle // citric acid cycle variant // tricarboxylic acid cycle variant // TCA cycle variation I // incomplete reductive tricarboxylic acid cycle	Degradation/utilization/assimilation						
112	PWY-5941	Week_and_consortia	NS6_w9w10	0.347742878624688	0.0313601105259676	76	76	2.56363370408329e-17	6.96491634649177e-17	PWY-5941	glycogen degradation II // glycogenolysis II	Degradation/utilization/assimilation	Degradation/utilization/assimilation	Carbohydrate degradation	Glycan pathways			
113	GALACTUROCAT-PWY	Week_and_consortia	NS6_w9w10	0.519793989376783	0.0471261204147784	76	76	3.30085032683621e-17	8.88913202051505e-17	GALACTUROCAT-PWY	D-galacturonate degradation I // D-galacturonate catabolism // D-galacturonate degradation	Degradation/utilization/assimilation	Degradation/utilization/assimilation	Carbohydrate degradation				
114	PWY-5097	Week_and_consortia	NS6_w9w10	0.101178834859076	0.0092799657254454	76	76	4.71970331684925e-17	1.25995558110671e-16	PWY-5097	L-lysine biosynthesis VI	Biosynthesis						
115	PWY-5100	Week_and_consortia	NS6_w9w10	0.350937063279683	0.032175650182318	76	76	5.51517882988408e-17	1.45962060411587e-16	PWY-5100	pyruvate fermentation to acetate and lactate II // pyruvic acid fermentation to acetic acid and lactic acid II	Superpathways	Generation of precursor metabolites and energy					
116	GALACTARDEG-PWY	Week_and_consortia	NS6_w9w10	0.671977403229589	0.0616725142245877	76	76	5.77419369802553e-17	1.50226903838461e-16	GALACTARDEG-PWY	D-galactarate degradation I // D-galactarate catabolism	Degradation/utilization/assimilation						
117	GLUCARGALACTSUPER-PWY	Week_and_consortia	NS6_w9w10	0.671977403229589	0.0616725142245877	76	76	5.77419369802553e-17	1.50226903838461e-16	GLUCARGALACTSUPER-PWY	superpathway of D-glucarate and D-galactarate degradation // D-glucarate and D-galactarate catabolism super-pathway // aldarate catabolism	Superpathways						
118	PWY-7198	Week_and_consortia	NS6_w9w10	-0.901955776802813	0.0827964153777379	76	76	5.8374834303993e-17	1.5059726160778002e-16	PWY-7198	pyrimidine deoxyribonucleotides <i>de novo</i> biosynthesis IV	Metabolic clusters	Biosynthesis	Nucleoside and nucleotide biosynthesis				
119	PWY-6396	Week_and_consortia	NS6_w9w10	-1.40686627493269	0.129219411247692	76	76	5.98495010593859e-17	1.53114973543596e-16	PWY-6396	superpathway of 2,3-butanediol biosynthesis (from pyruvate) // butylene glycol fermentation // butanediol fermentation	Superpathways	Biosynthesis	Other biosynthesis				
120	COMPLETE-ARO-PWY	Week_and_consortia	NS6_w9w10	-0.210965911704054	0.019476180833824	76	76	7.51897850548713e-17	1.90770776957401e-16	COMPLETE-ARO-PWY	superpathway of aromatic amino acid biosynthesis (from phospho<i>enol</i>pyruvate and D-erythrose 4-phosphate) // superpathway of L-phenylalanine, L-tyrosine, and L-tryptophan biosynthesis	Superpathways	Biosynthesis	Amino acid biosynthesis				
121	ENTBACSYN-PWY	Week_and_consortia	NS6_w9w10	-1.42675517039868	0.13240598096053	76	76	9.56665680723504e-17	2.40734724575505e-16	ENTBACSYN-PWY	enterobactin biosynthesis	Superpathways	Biosynthesis	Secondary metabolite biosynthesis				
122	PWY-7446	Week_and_consortia	NS6_w9w10	-1.56508106992795	0.145906757482062	76	76	1.17518048316464e-16	2.9331740514759797e-16	PWY-7446	sulfoquinovose degradation I // sulphoglycolysis // sulfoglycolysis // sulfo-EMP pathway	Degradation/utilization/assimilation						
123	PWY-7094	Week_and_consortia	NS6_w9w10	-1.50063310456079	0.141691467429683	76	76	2.0794403833092499e-16	5.148291916741449e-16	PWY-7094	fatty acid salvage // &beta;-oxidation degradation - de novo fatty acid biosynthesis shunt	Biosynthesis						
124	LPSSYN-PWY	Week_and_consortia	NS6_w9w10	-1.46466034683561	0.139641604772177	76	76	3.19838873849868e-16	7.82650639495109e-16	LPSSYN-PWY	superpathway of Kdo<sub>2</sub>-lipid A biosynthesis	Superpathways	Biosynthesis	Fatty acid and lipid biosynthesis				
125	PWY-6317	Week_and_consortia	NS6_w9w10	-0.621534044968905	0.0592636652265895	76	76	3.21218177773237e-16	7.82650639495109e-16	PWY-6317	D-galactose degradation I (Leloir pathway) // Leloir pathway	Degradation/utilization/assimilation						
126	PWY-7315	Week_and_consortia	NS6_w9w10	-0.270521891415327	0.0258295338988947	76	76	3.41428888166498e-16	8.25343847772558e-16	PWY-7315	dTDP-<i>N</i>-acetylthomosamine biosynthesis // dTDP-4-acetamido-&alpha;-D-fucose biosynthesis // dTDP-4-acetamido-4,6-dideoxy-&alpha;-D-galactose biosynthesis	Biosynthesis						
127	LACTOSECAT-PWY	Week_and_consortia	NS6_w9w10	-2.81851000021557	0.270421967305803	76	76	4.1559739560041097e-16	9.96784378510361e-16	LACTOSECAT-PWY	lactose degradation I // lactose 6-P degradation I // lactose 6-phosphate degradation // lactose 6'-phosphate degradation	Degradation/utilization/assimilation						
128	PWY-622	Week_and_consortia	NS6_w9w10	-0.406434454085125	0.0392105699972559	76	76	4.61366596408716e-16	1.09798096974788e-15	PWY-622	starch biosynthesis	Glycan pathways	Biosynthesis	Carboxylic acid biosynthesis				
129	PWY-7013	Week_and_consortia	NS6_w9w10	-2.92578809288898	0.286401030894363	76	76	1.0107167733754701e-15	2.38684653404821e-15	PWY-7013	(<i>S</i>)-propane-1,2-diol degradation // propylene glycol degradation // L-1,2-propanediol degradation	Degradation/utilization/assimilation	Generation of precursor metabolites and energy					
130	PWY0-1533	Week_and_consortia	NS6_w9w10	-1.38477499313763	0.137453693495449	76	76	1.84962262827758e-15	4.334611808253561e-15	PWY0-1533	methylphosphonate degradation I // carbon-phosphorus lyase pathway	Degradation/utilization/assimilation						
131	PENTOSE-P-PWY	Week_and_consortia	NS6_w9w10	0.531886682545147	0.0533130193751294	76	76	2.807566766322e-15	6.5297196762185905e-15	PENTOSE-P-PWY	pentose phosphate pathway // pentose shunt // hexose monophosphate shunt // phosphogluconate pathway // superpathway of oxidative and non-oxidative branches of pentose phosphate pathway // HMP shunt	Superpathways	Generation of precursor metabolites and energy					
132	PWY-7294	Week_and_consortia	NS6_w9w10	-1.09268934251708	0.110571274273878	76	74	3.65669364718552e-15	8.440638719443261e-15	PWY-7294	D-xylose degradation IV // Dahms pathway	Degradation/utilization/assimilation						
133	PWY-5837	Week_and_consortia	NS6_w9w10	-0.632621711349583	0.0644502900522609	76	76	5.580532784651291e-15	1.2785250484238401e-14	PWY-5837	1,4-dihydroxy-2-naphthoate biosynthesis	Biosynthesis						
134	PWY-5863	Week_and_consortia	NS6_w9w10	-0.592248124628787	0.0608102055656886	76	76	7.73576793832147e-15	1.75917093115903e-14	PWY-5863	superpathway of phylloquinol biosynthesis // superpathway of phylloquinone biosynthesis	Superpathways	Biosynthesis	Cofactor, carrier, and vitamin biosynthesis				
135	METHGLYUT-PWY	Week_and_consortia	NS6_w9w10	-1.380404045042	0.143270085039474	76	76	1.20929116730076e-14	2.7162951004520602e-14	METHGLYUT-PWY	superpathway of methylglyoxal degradation	Degradation/utilization/assimilation	Superpathways					
136	P105-PWY	Week_and_consortia	NS6_w9w10	-1.22560959198651	0.127211815645487	76	76	1.2121577484101999e-14	2.7162951004520602e-14	P105-PWY	TCA cycle IV (2-oxoglutarate decarboxylase) // citric acid cycle // tricarboxylic acid cycle // Szent-Gyorgyi-Krebs cycle // Krebs cycle	Generation of precursor metabolites and energy						
137	PPGPPMET-PWY	Week_and_consortia	NS6_w9w10	0.452698787227835	0.0474426605923068	76	76	1.79918557652819e-14	4.00253602894316e-14	PPGPPMET-PWY	ppGpp metabolism // guanosine 3'-diphosphate 5'-diphosphate biosynthesis // ppGpp biosynthesis	Biosynthesis						
138	PWY-5022	Week_and_consortia	NS6_w9w10	-1.20405793175547	0.127972777456186	76	76	2.8234839249514303e-14	6.236040035684099e-14	PWY-5022	4-aminobutanoate degradation V // GABA degradation // 4-aminobutyrate degradation V // 4-aminobutanoic acid degradation V	Degradation/utilization/assimilation	Generation of precursor metabolites and energy					
139	GLUTORN-PWY	Week_and_consortia	NS6_w9w10	-0.214666939651467	0.0227930887900118	76	76	3.05028132560767e-14	6.68883119258253e-14	GLUTORN-PWY	L-ornithine biosynthesis I	Biosynthesis						
140	GLUCONEO-PWY	Week_and_consortia	NS6_w9w10	0.0744982355456537	0.0079590723593072	76	76	3.91042674552948e-14	8.51419156650746e-14	GLUCONEO-PWY	gluconeogenesis I	Biosynthesis						
141	GLYCOL-GLYOXDEG-PWY	Week_and_consortia	NS6_w9w10	-1.27405552352743	0.137723905913482	76	76	6.30181945293145e-14	1.36243561411969e-13	GLYCOL-GLYOXDEG-PWY	superpathway of glycol metabolism and degradation	Degradation/utilization/assimilation	Superpathways					
142	PWY-6628	Week_and_consortia	NS6_w9w10	-1.18879102490414	0.128778133756041	76	76	6.8539770012608e-14	1.4612298190187998e-13	PWY-6628	superpathway of L-phenylalanine biosynthesis	Superpathways	Biosynthesis	Amino acid biosynthesis				
143	PWY-6630	Week_and_consortia	NS6_w9w10	-1.18797787997918	0.12867419549469	76	76	6.820504043260691e-14	1.4612298190187998e-13	PWY-6630	superpathway of L-tyrosine biosynthesis	Superpathways	Biosynthesis	Amino acid biosynthesis				
144	PWY-6545	Week_and_consortia	NS6_w9w10	-0.660991825587249	0.0720638220061425	76	76	8.82432068607023e-14	1.86832169008521e-13	PWY-6545	pyrimidine deoxyribonucleotides <i>de novo</i> biosynthesis III	Metabolic clusters	Biosynthesis	Nucleoside and nucleotide biosynthesis				
145	KDO-NAGLIPASYN-PWY	Week_and_consortia	NS6_w9w10	-1.15248852395376	0.12724857733784	76	76	1.45329539906786e-13	3.05590196927282e-13	KDO-NAGLIPASYN-PWY	superpathway of (Kdo)<SUB>2</SUB>-lipid A biosynthesis (<i>E. coli</i>)	Superpathways	Glycan pathways		Biosynthesis	Cell structure biosynthesis	Biosynthesis	Fatty acid and lipid biosynthesis
146	PWY-6629	Week_and_consortia	NS6_w9w10	-1.23144692217957	0.13643224349669	76	76	1.6607069411130099e-13	3.46827912191629e-13	PWY-6629	superpathway of L-tryptophan biosynthesis	Superpathways	Biosynthesis	Amino acid biosynthesis				
147	PWY0-1338	Week_and_consortia	NS6_w9w10	-1.24900296634333	0.138629999984263	76	76	1.78276988030797e-13	3.69804292739559e-13	PWY0-1338	polymyxin resistance // L-Ara4N-modified lipid A biosynthesis // 4-amino-4-deoxy-L-arabinose-modified lipid A biosynthesis	Detoxification	Glycan pathways		Biosynthesis	Cell structure biosynthesis		
148	PWY-1861	Week_and_consortia	NS6_w9w10	-1.61825335031736	0.181360984356593	76	76	2.56095996548136e-13	5.27660878793811e-13	PWY-1861	formaldehyde assimilation II (assimilatory RuMP Cycle) // ribulose monophosphate cycle // formaldehyde assimilation // assimilatory RuMP pathway	Degradation/utilization/assimilation						
149	GLYCOLYSIS-TCA-GLYOX-BYPASS	Week_and_consortia	NS6_w9w10	-1.25111355431251	0.140815125153702	76	76	3.05655433236052e-13	6.255747866897859e-13	GLYCOLYSIS-TCA-GLYOX-BYPASS	superpathway of glycolysis, pyruvate dehydrogenase, TCA, and glyoxylate bypass	Superpathways	Generation of precursor metabolites and energy					
150	ANAGLYCOLYSIS-PWY	Week_and_consortia	NS6_w9w10	-0.0844452789112602	0.0095153100426228	76	76	3.18234161278411e-13	6.47005877566041e-13	ANAGLYCOLYSIS-PWY	glycolysis III (from glucose) // anaerobic glycolysis // Embden-Meyerhof-Parnas pathway // EMP pathway // glycolysis III (glucokinase)	Generation of precursor metabolites and energy						
151	PWY-6478	Week_and_consortia	NS6_w9w10	-0.507315480090286	0.057271367900809	76	76	3.4298175424984297e-13	6.92732885228302e-13	PWY-6478	GDP-D-<i>glycero</i>-&alpha;-D-<i>manno</i>-heptose biosynthesis	Biosynthesis						
152	PWY-7456	Week_and_consortia	NS6_w9w10	0.498920413756714	0.0565035466909605	76	76	3.86520455057362e-13	7.75567187598759e-13	PWY-7456	&beta;-(1,4)-mannan degradation // plant mannan degradation	Degradation/utilization/assimilation	Degradation/utilization/assimilation	Carbohydrate degradation	Glycan pathways			
153	CENTFERM-PWY	Week_and_consortia	NS6_w9w10	-1.18833797049971	0.135082409354455	76	76	4.46377967955264e-13	8.89857377677053e-13	CENTFERM-PWY	pyruvate fermentation to butanoate // central fermentation pathway // acetobutylicum fermentation // pyruvate fermentation to butyrate // pyruvic acid fermentation to butanoic acid	Generation of precursor metabolites and energy						
154	PWY-6590	Week_and_consortia	NS6_w9w10	-1.1677252104987	0.132862087500554	76	76	4.62334281670391e-13	9.15720157889098e-13	PWY-6590	superpathway of <i>Clostridium acetobutylicum</i> acidogenic fermentation // acetobutylicum acidogenic fermentation	Superpathways	Generation of precursor metabolites and energy					
155	TCA-GLYOX-BYPASS	Week_and_consortia	NS6_w9w10	-1.27844946225839	0.145809684799413	76	76	5.06558233707737e-13	9.96880626591508e-13	TCA-GLYOX-BYPASS	superpathway of glyoxylate bypass and TCA	Superpathways						
156	RUMP-PWY	Week_and_consortia	NS6_w9w10	-1.56240143432831	0.178944586463451	76	76	5.35725329985529e-13	1.04756481723285e-12	RUMP-PWY	formaldehyde oxidation I // dissimilatory RUMP cycle	Degradation/utilization/assimilation	Generation of precursor metabolites and energy					
157	GLYOXYLATE-BYPASS	Week_and_consortia	NS6_w9w10	-1.27924347472392	0.146184049738918	76	76	5.45247866561605e-13	1.0594373103443799e-12	GLYOXYLATE-BYPASS	glyoxylate cycle // glyoxylate bypass // glyoxylate shunt	Generation of precursor metabolites and energy						
158	PWY-5180	Week_and_consortia	NS6_w9w10	-1.33338083421001	0.153425671504141	76	74	6.38981512694733e-13	1.2260457774830199e-12	PWY-5180	toluene degradation I (aerobic) (<I>via</I> <i>o</I>-cresol)	Degradation/utilization/assimilation	Superpathways					
159	PWY-5182	Week_and_consortia	NS6_w9w10	-1.33338083421001	0.153425671504141	76	74	6.38981512694733e-13	1.2260457774830199e-12									
160	AEROBACTINSYN-PWY	Week_and_consortia	NS6_w9w10	-1.29390048662392	0.148841901453591	76	76	7.00075584702879e-13	1.33492673604835e-12	AEROBACTINSYN-PWY	aerobactin biosynthesis	Biosynthesis						
161	PWY0-166	Week_and_consortia	NS6_w9w10	-0.219389914389285	0.025851572657644	76	76	1.7049209285791e-12	3.23093040169003e-12	PWY0-166	superpathway of pyrimidine deoxyribonucleotides <i>de novo</i> biosynthesis (<i>E. coli</i>)	Superpathways	Biosynthesis	Nucleoside and nucleotide biosynthesis				
162	AST-PWY	Week_and_consortia	NS6_w9w10	-1.23396234196332	0.146925668692093	76	76	2.50511139235586e-12	4.71821593529601e-12	AST-PWY	L-arginine degradation II (AST pathway) // L-arginine succinyltransferase pathway // AST pathway // ammonia-producing L-arginine catabolic pathway // L-arginine catabolism	Degradation/utilization/assimilation						
163	COBALSYN-PWY	Week_and_consortia	NS6_w9w10	0.0859202457182553	0.0103150212894023	76	76	3.08163731801827e-12	5.7686747355585895e-12	COBALSYN-PWY	superpathway of adenosylcobalamin salvage from cobinamide I	Superpathways	Biosynthesis	Cofactor, carrier, and vitamin biosynthesis				
164	P562-PWY	Week_and_consortia	NS6_w9w10	-2.50920745461019	0.303509716530153	76	76	4.40437259644517e-12	8.19480234611313e-12	P562-PWY	<I>myo</I>-inositol degradation I	Degradation/utilization/assimilation						
165	PWY-5845	Week_and_consortia	NS6_w9w10	-0.30894891624636	0.037456233597341	76	76	4.79679556604892e-12	8.7655728498632e-12	PWY-5845	superpathway of menaquinol-9 biosynthesis // vitamin K<sub>2</sub> biosynthesis // superpathway of menaquinone-9 biosynthesis	Superpathways	Biosynthesis	Cofactor, carrier, and vitamin biosynthesis				
166	PWY-5850	Week_and_consortia	NS6_w9w10	-0.30894891624636	0.037456233597341	76	76	4.79679556604892e-12	8.7655728498632e-12	PWY-5850	superpathway of menaquinol-6 biosynthesis // superpathway of menaquinone-6 biosynthesis	Superpathways	Biosynthesis	Cofactor, carrier, and vitamin biosynthesis				
167	PWY-5896	Week_and_consortia	NS6_w9w10	-0.30894891624636	0.037456233597341	76	76	4.79679556604892e-12	8.7655728498632e-12	PWY-5896	superpathway of menaquinol-10 biosynthesis // vitamin K<sub>2</sub> biosynthesis // superpathway of menaquinone-10 biosynthesis	Superpathways	Biosynthesis	Cofactor, carrier, and vitamin biosynthesis				
168	PWY0-42	Week_and_consortia	NS6_w9w10	-1.1373671924529	0.139883726589278	76	76	7.98224701842495e-12	1.4500294879624e-11	PWY0-42	2-methylcitrate cycle I	Degradation/utilization/assimilation						
169	PWY-5677	Week_and_consortia	NS6_w9w10	-0.818216507100192	0.103107151925415	76	76	1.8562721968083898e-11	3.35220920247162e-11	PWY-5677	succinate fermentation to butanoate // succinate fermentation to butyrate // succinic acid fermentation to butanoic acid	Generation of precursor metabolites and energy						
170	PWY-5747	Week_and_consortia	NS6_w9w10	-1.07285896263727	0.136484796614741	76	76	2.56832192469675e-11	4.6109639232859796e-11	PWY-5747	2-methylcitrate cycle II	Degradation/utilization/assimilation						
171	PYRIDOXSYN-PWY	Week_and_consortia	NS6_w9w10	0.229534204971034	0.0294148116984421	76	76	3.27728152318395e-11	5.849566439636469e-11	PYRIDOXSYN-PWY	pyridoxal 5'-phosphate biosynthesis I // vitamin B<sub>6</sub> biosynthesis // deoxyxylulose-dependent pyridoxal 5'-phosphate biosynthesis	Biosynthesis						
172	PWY-6151	Week_and_consortia	NS6_w9w10	0.409267937280375	0.0526688637914035	76	76	3.7892288488294397e-11	6.72423847740253e-11	PWY-6151	<i>S</i>-adenosyl-L-methionine salvage I // SAM cycle // activated methyl cycle // AMC // <i>S</i>-adenosyl-L-methionine cycle I	Biosynthesis						
173	PWY-181	Week_and_consortia	NS6_w9w10	2.68166274627214	0.347271131477222	76	67	4.33780601677385e-11	7.653485328445809e-11	PWY-181	photorespiration I // C2 photorespiratory carbon oxidation cycle // PCO cycle	Generation of precursor metabolites and energy						
174	PWY-5860	Week_and_consortia	NS6_w9w10	-0.319263001333438	0.0420556351879434	76	76	8.20658405531783e-11	1.43148937783101e-10	PWY-5860	superpathway of demethylmenaquinol-6 biosynthesis I // superpathway of demethylmenaquinone-6 biosynthesis	Superpathways	Biosynthesis	Cofactor, carrier, and vitamin biosynthesis				
175	PWY-5862	Week_and_consortia	NS6_w9w10	-0.319263001333438	0.0420556351879434	76	76	8.20658405531783e-11	1.43148937783101e-10	PWY-5862	superpathway of demethylmenaquinol-9 biosynthesis // superpathway of demethylmenaquinone-9 biosynthesis	Superpathways	Biosynthesis	Cofactor, carrier, and vitamin biosynthesis				
176	PWY-5897	Week_and_consortia	NS6_w9w10	-0.322513378718314	0.0436131527423273	76	76	1.9153368352928301e-10	3.28496317561396e-10	PWY-5897	superpathway of menaquinol-11 biosynthesis // vitamin K<sub>2</sub> biosynthesis // superpathway of menaquinone-11 biosynthesis	Superpathways	Biosynthesis	Cofactor, carrier, and vitamin biosynthesis				
177	PWY-5898	Week_and_consortia	NS6_w9w10	-0.322513378718314	0.0436131527423273	76	76	1.9153368352928301e-10	3.28496317561396e-10	PWY-5898	superpathway of menaquinol-12 biosynthesis // vitamin K<sub>2</sub> biosynthesis // superpathway of menaquinone-12 biosynthesis	Superpathways	Biosynthesis	Cofactor, carrier, and vitamin biosynthesis				
178	PWY-5899	Week_and_consortia	NS6_w9w10	-0.322513378718314	0.0436131527423273	76	76	1.9153368352928301e-10	3.28496317561396e-10	PWY-5899	superpathway of menaquinol-13 biosynthesis // vitamin K<sub>2</sub> biosynthesis // superpathway of menaquinone-13 biosynthesis	Superpathways	Biosynthesis	Cofactor, carrier, and vitamin biosynthesis				
179	PWY-621	Week_and_consortia	NS6_w9w10	-0.40241382324814	0.0546555546343622	76	76	2.182807325792e-10	3.72289916121191e-10	PWY-621	sucrose degradation III (sucrose invertase) // sucrose mobilization	Degradation/utilization/assimilation						
180	PWY-5840	Week_and_consortia	NS6_w9w10	-0.215854847800589	0.0295231777369145	76	76	2.74074690220092e-10	4.64867016008664e-10	PWY-5840	superpathway of menaquinol-7 biosynthesis // vitamin K<sub>2</sub> biosynthesis // superpathway of menaquinone-7 biosynthesis	Superpathways	Biosynthesis	Cofactor, carrier, and vitamin biosynthesis				
181	P164-PWY	Week_and_consortia	NS6_w9w10	0.464651252757288	0.0640531645911275	76	76	3.50107436050984e-10	5.90565839932154e-10	P164-PWY	purine nucleobases degradation I (anaerobic) // purine fermentation	Degradation/utilization/assimilation	Generation of precursor metabolites and energy					
182	ECASYN-PWY	Week_and_consortia	NS6_w9w10	-0.99820213306902	0.14242145062922	76	76	1.00237343270816e-09	1.6815772887508502e-09	ECASYN-PWY	enterobacterial common antigen biosynthesis // ECA biosynthesis	Glycan pathways	Biosynthesis	Carboxylic acid biosynthesis				
183	PWY-5667	Week_and_consortia	NS6_w9w10	-0.1390786661618	0.0199095464529984	76	76	1.1052603726328701e-09	1.8341347806543101e-09	PWY-5667	CDP-diacylglycerol biosynthesis I // CDP-diacylglycerol biosynthesis	Biosynthesis						
184	PWY0-1319	Week_and_consortia	NS6_w9w10	-0.139078666161761	0.0199095464529844	76	76	1.105260372707e-09	1.8341347806543101e-09	PWY0-1319	CDP-diacylglycerol biosynthesis II	Biosynthesis						
185	PWY-5838	Week_and_consortia	NS6_w9w10	-0.291710138236725	0.042226965209626	76	76	1.5396201841132601e-09	2.54120105657404e-09	PWY-5838	superpathway of menaquinol-8 biosynthesis I // vitamin K<sub>2</sub> biosynthesis I // superpathway of menaquinone-8 biosynthesis I	Superpathways	Biosynthesis	Cofactor, carrier, and vitamin biosynthesis				
186	POLYAMINSYN3-PWY	Week_and_consortia	NS6_w9w10	0.921716009557037	0.143311040142959	76	76	1.15680342980157e-08	1.89913718154589e-08	POLYAMINSYN3-PWY	superpathway of polyamine biosynthesis II // polyamn	Superpathways	Biosynthesis	Amide, amidine, amine, and polyamine biosynthesis				
187	PWY0-1296	Week_and_consortia	NS6_w9w10	-0.520317024860461	0.0826412878126217	76	76	2.03951601818376e-08	3.33048626373624e-08	PWY0-1296	purine ribonucleosides degradation	Degradation/utilization/assimilation						
188	PWY-5861	Week_and_consortia	NS6_w9w10	-0.300103513948465	0.0482387240172395	76	76	2.78698970161704e-08	4.52701501797053e-08	PWY-5861	superpathway of demethylmenaquinol-8 biosynthesis I // superpathway of demethylmenaquinone-8 biosynthesis I	Superpathways	Biosynthesis	Cofactor, carrier, and vitamin biosynthesis				
189	P161-PWY	Week_and_consortia	NS6_w9w10	-0.455051650873639	0.0737757608026578	76	76	3.47545405968656e-08	5.6156020859146e-08	P161-PWY	acetylene degradation (anaerobic) // acetylene fermentation	Generation of precursor metabolites and energy						
190	PWY-7323	Week_and_consortia	NS6_w9w10	0.149129467913494	0.0250119045170499	76	76	8.13898824035067e-08	1.30820386899877e-07	PWY-7323	superpathway of GDP-mannose-derived O-antigen building blocks biosynthesis	Superpathways	Biosynthesis	Carbohydrate biosynthesis				
191	SULFATE-CYS-PWY	Week_and_consortia	NS6_w9w10	0.281087736673123	0.0476236765263702	76	76	1.00621871619015e-07	1.60890180140821e-07	SULFATE-CYS-PWY	superpathway of sulfate assimilation and cysteine biosynthesis	Degradation/utilization/assimilation	Superpathways					
192	NONOXIPENT-PWY	Week_and_consortia	NS6_w9w10	0.229549276296593	0.0391221831231867	76	76	1.20117367956095e-07	1.91067523121871e-07	NONOXIPENT-PWY	pentose phosphate pathway (non-oxidative branch) I	Generation of precursor metabolites and energy						
193	DTDPRHAMSYN-PWY	Week_and_consortia	NS6_w9w10	-0.103007370844011	0.0176233377181283	76	76	1.31597802132524e-07	2.08250130178787e-07	DTDPRHAMSYN-PWY	dTDP-L-rhamnose biosynthesis	Biosynthesis						
194	PWY0-1297	Week_and_consortia	NS6_w9w10	-0.480680760976326	0.0844676959029883	76	76	2.46900467276957e-07	3.88709966430901e-07	PWY0-1297	superpathway of purine deoxyribonucleosides degradation	Degradation/utilization/assimilation	Superpathways					
195	PWY-7221	Week_and_consortia	NS6_w9w10	0.0620411841902018	0.0111020192155998	76	76	3.62733010762871e-07	5.68158338286741e-07	PWY-7221	guanosine ribonucleotides <i>de novo</i> biosynthesis	Biosynthesis						
196	OANTIGEN-PWY	Week_and_consortia	NS6_w9w10	-0.591356367102866	0.106618822137375	76	76	4.41903535599824e-07	6.8865170268602e-07	OANTIGEN-PWY	<i>O</i>-antigen building blocks biosynthesis (<i>E. coli</i>)	Superpathways	Metabolic clusters		Biosynthesis	Carbohydrate biosynthesis		
197	PWY-6749	Week_and_consortia	NS6_w9w10	-0.471959623884348	0.0864600175862872	76	76	6.28245131070774e-07	9.74097248680443e-07	PWY-6749	CMP-legionaminate biosynthesis I // CMP-legionaminic acid biosynthesis I // 5,7-diacetamido-3,5,7,9-tetradeoxy-D-<i>glycero</i>-D-<i>galacto</i>-nonulosonic acid biosynthesis I // CMP-<i>N</i>, <i>N</i>-diacetyllegionaminate biosynthesis I	Biosynthesis						
198	PHOSLIPSYN-PWY	Week_and_consortia	NS6_w9w10	-0.124084227623928	0.0228330025177351	76	76	6.92170490701934e-07	1.06248170322747e-06	PHOSLIPSYN-PWY	superpathway of phospholipid biosynthesis III (<i>E. coli</i>)	Superpathways	Biosynthesis	Fatty acid and lipid biosynthesis				
199	PWY-7254	Week_and_consortia	NS6_w9w10	0.255556742836042	0.047017512847804	76	76	6.89575553884865e-07	1.06248170322747e-06	PWY-7254	TCA cycle VII (acetate-producers) // tricarboxylic acid cycle // citric acid cycle // Krebs cycle // Szent-Gyorgyi-Krebs cycle // TCA cycle VII (acetic acid-producers)	Generation of precursor metabolites and energy						
200	PWY-7200	Week_and_consortia	NS6_w9w10	-0.122640637222481	0.0228218122322825	76	76	8.58535346129994e-07	1.31129527990999e-06	PWY-7200	superpathway of pyrimidine deoxyribonucleoside salvage	Superpathways	Biosynthesis	Nucleoside and nucleotide biosynthesis				
201	PWY-6123	Week_and_consortia	NS6_w9w10	0.0638335731837012	0.0120059071962465	76	76	1.10396666861063e-06	1.67781072902704e-06	PWY-6123	inosine-5'-phosphate biosynthesis I // IMP biosynthesis I	Biosynthesis						
202	UDPNAGSYN-PWY	Week_and_consortia	NS6_w9w10	-0.615222132757369	0.116339551558969	76	76	1.23700584451517e-06	1.87074282889732e-06	UDPNAGSYN-PWY	UDP-<i>N</i>-acetyl-D-glucosamine biosynthesis I // UDP-<i>N</i>-acetyl-D-glucosamine biosynthesis	Biosynthesis						
203	GLYCOGENSYNTH-PWY	Week_and_consortia	NS6_w9w10	0.180329558267774	0.0351103111125351	76	76	2.24773956741283e-06	3.38262768233205e-06	GLYCOGENSYNTH-PWY	glycogen biosynthesis I (from ADP-D-Glucose)	Glycan pathways	Biosynthesis	Carboxylic acid biosynthesis				
204	GLYCOCAT-PWY	Week_and_consortia	NS6_w9w10	-0.0465385344364633	0.0090828682598886	76	76	2.35838988077294e-06	3.53183265071851e-06	GLYCOCAT-PWY	glycogen degradation I // glycogen catabolism I	Degradation/utilization/assimilation	Degradation/utilization/assimilation	Carbohydrate degradation	Glycan pathways			
205	PWY-6901	Week_and_consortia	NS6_w9w10	0.201273735119842	0.0398842919812467	76	76	3.18617696239079e-06	4.74833168666976e-06	PWY-6901	superpathway of glucose and xylose degradation	Degradation/utilization/assimilation	Superpathways					
206	CALVIN-PWY	Week_and_consortia	NS6_w9w10	0.147105406811939	0.0296271998197324	76	76	4.36012444678968e-06	6.46646475924847e-06	CALVIN-PWY	Calvin-Benson-Bassham cycle // photosynthetic dark reactions // photosynthetic CO<SUB>2</SUB> fixation // reductive pentose phosphate pathway // Calvin cycle // photosynthesis - dark reaction // carbon fixation // Calvin-Benson cycle	Degradation/utilization/assimilation						
207	HSERMETANA-PWY	Week_and_consortia	NS6_w9w10	-0.286676049050838	0.0593298621235025	76	76	7.25548848489658e-06	1.07088219464579e-05	HSERMETANA-PWY	L-methionine biosynthesis III // L-methionine biosynthesis by sulfhydrylation	Superpathways	Biosynthesis	Amino acid biosynthesis				
208	PWY-7316	Week_and_consortia	NS6_w9w10	1.30942579307717	0.292041567970125	76	76	2.66760301500078e-05	3.91844079236957e-05	PWY-7316	dTDP-<i>N</i>-acetylviosamine biosynthesis // dTDP-4-acetamido-4,6-dideoxy-&alpha;-D-glucose biosynthesis	Biosynthesis						
209	PWY-5104	Week_and_consortia	NS6_w9w10	-0.050464432901564	0.0112724616074221	76	76	2.69916381214374e-05	3.94592043013395e-05	PWY-5104	L-isoleucine biosynthesis IV	Biosynthesis						
210	PWY-5484	Week_and_consortia	NS6_w9w10	0.104177083447091	0.0249520339701701	76	76	8.12947602578887e-05	0.0001182819497591	PWY-5484	glycolysis II (from fructose 6-phosphate)	Generation of precursor metabolites and energy						
211	PWY490-3	Week_and_consortia	NS6_w9w10	-1.26460560305531	0.309259509231894	76	76	0.0001088971466481	0.0001576953963253	PWY490-3	nitrate reduction VI (assimilatory) // nitrate assimilation	Degradation/utilization/assimilation						
212	PWY-5695	Week_and_consortia	NS6_w9w10	0.13770726814084	0.0342642981334392	76	76	0.0001406102607968	0.0002026636153269	PWY-5695	inosine 5'-phosphate degradation // IMP degradation // urate biosynthesis	Degradation/utilization/assimilation						
213	PWY0-1298	Week_and_consortia	NS6_w9w10	-0.335501217441193	0.0838823575213758	76	76	0.0001503309926221	0.000215661751098	PWY0-1298	superpathway of pyrimidine deoxyribonucleosides degradation	Degradation/utilization/assimilation	Superpathways					
214	HISTSYN-PWY	Week_and_consortia	NS6_w9w10	0.0728602108642215	0.0183197919495227	76	76	0.0001624831236826	0.0002320107859096	HISTSYN-PWY	L-histidine biosynthesis	Biosynthesis						
215	PWY-6163	Week_and_consortia	NS6_w9w10	-0.0490476347631732	0.0125559420658105	76	76	0.0002071927224614	0.000294482249054	PWY-6163	chorismate biosynthesis from 3-dehydroquinate	Biosynthesis						
216	ANAEROFRUCAT-PWY	Week_and_consortia	NS6_w9w10	-0.155263113098576	0.0398343304739507	76	76	0.0002134491727588	0.000301976479433	ANAEROFRUCAT-PWY	homolactic fermentation // anaerobic fructose catabolism // anaerobic fructose degradation // fructose fermentation to lactate // fructose fermentation to lactic acid	Superpathways	Generation of precursor metabolites and energy					
217	P461-PWY	Week_and_consortia	NS6_w9w10	0.207535178095496	0.0539574135254588	76	76	0.0002542561775321	0.0003580580114787	P461-PWY	hexitol fermentation to lactate, formate, ethanol and acetate // sorbitol metabolism // sorbitol fermentation // mannitol fermentation // sugar alcohol fermentation // hexitol fermentation to lactic acid, formic acid, ethanol and acetic acid	Degradation/utilization/assimilation	Degradation/utilization/assimilation	Carbohydrate degradation	Superpathways		Generation of precursor metabolites and energy	
218	ARGORNPROST-PWY	Week_and_consortia	NS6_w9w10	-0.729162230937718	0.191918245770952	76	76	0.0002953748282106	0.0004140642568979									
219	PWY-2942	Week_and_consortia	NS6_w9w10	0.0353146194564126	0.0095967554700825	76	76	0.000443488894645	0.000618868593891	PWY-2942	L-lysine biosynthesis III	Biosynthesis						
220	PWY-6895	Week_and_consortia	NS6_w9w10	-0.486036493378866	0.1329718231057	76	76	0.0004813131749096	0.0006686115144672	PWY-6895	superpathway of thiamine diphosphate biosynthesis II // superpathway of thiamine diphosphate biosynthesis (Bacillus) // superpathway of vitamin B<sub>1</sub> biosynthesis (Bacillus)	Superpathways	Biosynthesis	Cofactor, carrier, and vitamin biosynthesis				
221	BRANCHED-CHAIN-AA-SYN-PWY	Week_and_consortia	NS6_w9w10	-0.0489933515346993	0.0145408846346131	76	76	0.0012060257721395	0.0016677923966073	BRANCHED-CHAIN-AA-SYN-PWY	superpathway of branched chain amino acid biosynthesis // superpathway of L-leucine, L-valine, and L-isoleucine biosynthesis	Superpathways	Metabolic clusters		Biosynthesis	Amino acid biosynthesis		
222	PWY-6609	Week_and_consortia	NS6_w9w10	0.110475261940014	0.0329045195705977	76	76	0.0012520037835952	0.0017236105899719	PWY-6609	adenine and adenosine salvage III // adenosine nucleotides salvage III	Biosynthesis						
223	PWY0-1061	Week_and_consortia	NS6_w9w10	-0.0819918816059543	0.0245281513352806	76	76	0.001310761528589	0.001796445487843	PWY0-1061	superpathway of L-alanine biosynthesis	Superpathways	Biosynthesis	Amino acid biosynthesis				
224	PWY-2941	Week_and_consortia	NS6_w9w10	-1.0465281526534	0.314772241883216	76	76	0.0013790705714952	0.0018816651797735	PWY-2941	L-lysine biosynthesis II	Biosynthesis						
225	GLCMANNANAUT-PWY	Week_and_consortia	NS6_w9w10	-0.202718726803172	0.0610934431982865	76	76	0.0014149121807451	0.0019220267234016	GLCMANNANAUT-PWY	superpathway of <i>N</i>-acetylneuraminate, <i>N</i>-acetylglucosamine, and <i>N</i>-acetylmannosamine degradation to &beta;-D-fructofuranose 6-phosphate // N-acetylglucosamine, N-acetylmannosamine and N-acetylneuraminic acid dissimilation	Degradation/utilization/assimilation	Superpathways					
226	PWY-6121	Week_and_consortia	NS6_w9w10	0.0440447285617492	0.0133448879078524	76	76	0.0014947635833422	0.0020215525113923	PWY-6121	5-aminoimidazole ribonucleotide biosynthesis I	Biosynthesis						
227	PWY-6891	Week_and_consortia	NS6_w9w10	-0.516057573296533	0.160940885358768	76	76	0.0019947766781832	0.0026859492991327	PWY-6891	thiazole component of thiamine diphosphate biosynthesis II // 2-(2-carboxy-4-methylthiazol-5-yl)ethyl phosphate biosynthesis	Biosynthesis						
228	PWY0-1479	Week_and_consortia	NS6_w9w10	-0.34335665884002	0.109268703741068	76	76	0.0024219858581222	0.003246941739928	PWY0-1479	tRNA processing	Macromolecule modification						
229	FUC-RHAMCAT-PWY	Week_and_consortia	NS6_w9w10	-0.127629563144143	0.0416312635775835	76	76	0.0030433452301352	0.0040622042854413	FUC-RHAMCAT-PWY	superpathway of fucose and rhamnose degradation // fucose and rhamnose catabolism	Superpathways						
230	PWY-6703	Week_and_consortia	NS6_w9w10	0.108550484291477	0.0360518917401757	76	76	0.0035749405005967	0.0047511114012259	PWY-6703	preQ<sub>0</sub> biosynthesis // deazapurine biosynthesis // 7-cyano-7-deazaguanine biosynthesis // 7-cyano-7-carbaguanine biosynthesis	Biosynthesis						
231	P23-PWY	Week_and_consortia	NS6_w9w10	-0.471939188465183	0.162854869040149	76	76	0.0049562767095199	0.0065585213354423	P23-PWY	reductive TCA cycle I // reductive tricarboxylic acid cycle // reductive tricarboxylic acid pathway // reductive citric acid cycle // reverse citric acid cycle // carbon fixation // CO<SUB>2</SUB> fixation // reductive carboxylic acid cycle	Degradation/utilization/assimilation						
232	HEME-BIOSYNTHESIS-II	Week_and_consortia	NS6_w9w10	0.291900367691125	0.106980837785306	76	76	0.0079651109238753	0.0104948028052778	HEME-BIOSYNTHESIS-II	heme <i>b</i> biosynthesis I (aerobic)	Biosynthesis	Biosynthesis	Tetrapyrrole biosynthesis				
233	PWY-7377	Week_and_consortia	NS6_w9w10	-0.772465492156049	0.285292319925511	76	76	0.0084113701950001	0.0110354301276284	PWY-7377	cob(II)yrinate <i>a,c</i>-diamide biosynthesis I (early cobalt insertion)	Biosynthesis						
234	FERMENTATION-PWY	Week_and_consortia	NS6_w9w10	-0.118668077766999	0.0447255621316656	76	76	0.0097761184510794	0.012771354742474	FERMENTATION-PWY	mixed acid fermentation // fermentation	Superpathways	Generation of precursor metabolites and energy					
235	DAPLYSINESYN-PWY	Week_and_consortia	NS6_w9w10	0.0885638081409417	0.0334579158059285	76	76	0.0099416905483473	0.0129326228743332	DAPLYSINESYN-PWY	L-lysine biosynthesis I // L-lysine and L-diaminopimelate biosynthesis	Biosynthesis						
236	ARGSYN-PWY	Week_and_consortia	NS6_w9w10	-0.0657811348748078	0.0257557500236889	76	76	0.0127339251497857	0.016495000088541	ARGSYN-PWY	L-arginine biosynthesis I (via L-ornithine)	Superpathways	Biosynthesis	Amino acid biosynthesis				
237	SO4ASSIM-PWY	Week_and_consortia	NS6_w9w10	0.184688295507865	0.0747512471750683	76	76	0.0157873060717578	0.0203642981681918	SO4ASSIM-PWY	assimilatory sulfate reduction I	Degradation/utilization/assimilation	Superpathways					
238	PWY-7400	Week_and_consortia	NS6_w9w10	-0.0625203775924601	0.0254080200850306	76	76	0.0162330401434018	0.0208516457072148	PWY-7400	L-arginine biosynthesis IV (archaea)	Biosynthesis						
239	PWY-5103	Week_and_consortia	NS6_w9w10	-0.0326755568862876	0.0134687337624714	76	76	0.0177339246957755	0.0226846453400128	PWY-5103	L-isoleucine biosynthesis III	Biosynthesis						
240	P441-PWY	Week_and_consortia	NS6_w9w10	-0.108309279478926	0.0453833429333087	76	76	0.0195998557650129	0.0249674511197468	P441-PWY	superpathway of <i>N</i>-acetylneuraminate degradation // <i>N</i>-acetylneuraminate catabolism // sialic acid degradation	Degradation/utilization/assimilation	Superpathways					
241	PWY0-1241	Week_and_consortia	NS6_w9w10	-0.166602728306375	0.0711817381854254	76	76	0.0219911368108427	0.0278978471112757	PWY0-1241	ADP-L-<i>glycero</i>-&beta;-D-<i>manno</i>-heptose biosynthesis	Biosynthesis						
242	TRNA-CHARGING-PWY	Week_and_consortia	NS6_w9w10	-0.0302542489522281	0.0131306341969096	76	76	0.0240637314553522	0.0304015043489429	TRNA-CHARGING-PWY	tRNA charging	Macromolecule modification	Metabolic clusters					
243	PWY-5918	Week_and_consortia	NS6_w9w10	0.233702603470948	0.103395596418345	76	76	0.0267864056036798	0.0337025677062693	PWY-5918	superpathway of heme <i>b</i> biosynthesis from glutamate	Superpathways	Biosynthesis	Cofactor, carrier, and vitamin biosynthesis	Biosynthesis	Tetrapyrrole biosynthesis		
244	PWY-6892	Week_and_consortia	NS6_w9w10	0.0781453273648966	0.0349442335515939	76	76	0.0283879679255311	0.035571861849543	PWY-6892	thiazole component of thiamine diphosphate biosynthesis I // (<i>R,Z</i>)-2-(2-carboxy-4-methylthiazol-5(2<i>H</i>)-ylidene)ethyl phosphate biosynthesis	Biosynthesis						
245	PWY-7219	Week_and_consortia	NS6_w9w10	-0.0334093607474982	0.0149751040341553	76	76	0.0287515994853965	0.0357357936923754	PWY-7219	adenosine ribonucleotides <i>de novo</i> biosynthesis	Biosynthesis						
246	TCA	Week_and_consortia	NS6_w9w10	-0.0609899188036867	0.0273208704523369	76	76	0.0286578097563393	0.0357357936923754	TCA	TCA cycle I (prokaryotic) // tricarboxylic acid cycle // citric acid cycle // Krebs cycle // Szent-Gyorgyi-Krebs cycle	Generation of precursor metabolites and energy						
247	P221-PWY	Week_and_consortia	NS6_w9w10	-0.266170398054462	0.120788243558134	76	76	0.0307058814673363	0.0380109097196461	P221-PWY	octane oxidation	Degradation/utilization/assimilation						
248	GLYCOLYSIS	Week_and_consortia	NS6_w9w10	0.0246195607522359	0.01226940313161	76	76	0.0484963461534747	0.0595932222059189	GLYCOLYSIS	glycolysis I (from glucose 6-phosphate) // Embden-Meyerhof pathway // Embden-Meyerhof-Parnas pathway // EMP pathway // glycolysis (plastidic)	Generation of precursor metabolites and energy						
249	RHAMCAT-PWY	Week_and_consortia	NS6_w9w10	0.121408571443286	0.0605136276265583	76	76	0.0485286825781099	0.0595932222059189	RHAMCAT-PWY	L-rhamnose degradation I // rhamnose catabolism // rhamnose degradation	Degradation/utilization/assimilation						
250	ILEUSYN-PWY	Week_and_consortia	NS6_w9w10	-0.0239621783381932	0.0121432047274137	76	76	0.0522438856281929	0.0635355481833424	ILEUSYN-PWY	L-isoleucine biosynthesis I (from threonine)	Biosynthesis						
251	PWY-5913	Week_and_consortia	NS6_w9w10	-0.0828994257767628	0.0420316642904196	76	76	0.0523599143009304	0.0635355481833424	PWY-5913	partial TCA cycle (obligate autotrophs) // TCA cycle VI (obligate autotrophs)	Generation of precursor metabolites and energy						
252	VALSYN-PWY	Week_and_consortia	NS6_w9w10	-0.0239621783381932	0.0121432047274137	76	76	0.0522438856281929	0.0635355481833424	VALSYN-PWY	L-valine biosynthesis	Biosynthesis						
253	PWY-6700	Week_and_consortia	NS6_w9w10	0.027955176186048	0.0144367249986539	76	76	0.0566892275267731	0.0685180820894462	PWY-6700	queuosine biosynthesis I (<i>de novo</i>)	Macromolecule modification						
254	PANTO-PWY	Week_and_consortia	NS6_w9w10	-0.0328573200982945	0.0201180895060701	76	76	0.106726083830047	0.128489834258135	PANTO-PWY	phosphopantothenate biosynthesis I // vitamin B<sub>5</sub> biosynthesis	Biosynthesis						
255	PWY-6519	Week_and_consortia	NS6_w9w10	0.0547973265422685	0.0338497349393041	76	76	0.109792687485988	0.131153132522173	PWY-6519	8-amino-7-oxononanoate biosynthesis I // 7-keto-8-aminopelargonate biosynthesis I	Biosynthesis						
256	PWY-6737	Week_and_consortia	NS6_w9w10	-0.017241116506583	0.0106436866611613	76	76	0.10957537897668	0.131153132522173	PWY-6737	starch degradation V	Degradation/utilization/assimilation	Degradation/utilization/assimilation	Carbohydrate degradation				
257	PWY0-862	Week_and_consortia	NS6_w9w10	-0.0634645215415039	0.0400219784184867	76	76	0.117119274730366	0.139362857915591	PWY0-862	(5Z)-dodecenoate biosynthesis I // (5Z)-dodec-5-enoate biosynthesis I // <i>cis</i>-dodecenoate biosynthesis I	Biosynthesis						
258	GLYCOLYSIS-E-D	Week_and_consortia	NS6_w9w10	0.0772872609191206	0.0495276158493496	76	76	0.122968876137686	0.14575847480413	GLYCOLYSIS-E-D	superpathway of glycolysis and the Entner-Doudoroff pathway	Superpathways	Generation of precursor metabolites and energy					
259	PWY-5686	Week_and_consortia	NS6_w9w10	-0.0196678913837822	0.0132750981157791	76	76	0.142756184663645	0.168562110352843	PWY-5686	UMP biosynthesis I // uridine-5'-phosphate biosynthesis I // <i>de novo</i> biosynthesis of uridine-5'-phosphate I // <i>de novo</i> biosynthesis of uridine-5'-monophosphate I	Biosynthesis						
260	PWY-5973	Week_and_consortia	NS6_w9w10	0.0131540161748363	0.0092944449396605	76	76	0.161237355217587	0.189654666865131	PWY-5973	<i>cis</i>-vaccenate biosynthesis // <i>cis</i> vaccenic acid acid biosynthesis	Biosynthesis						
261	NAGLIPASYN-PWY	Week_and_consortia	NS6_w9w10	0.0489495904379649	0.0352872372829406	76	76	0.169607593788618	0.198738669057656	NAGLIPASYN-PWY	lipid IV<sub>A</sub> biosynthesis (<i>E. coli</i>) // lipid-A-precursor biosynthesis (<i>E. coli</i>)	Glycan pathways	Biosynthesis	Cell structure biosynthesis	Biosynthesis	Fatty acid and lipid biosynthesis		
262	P122-PWY	Week_and_consortia	NS6_w9w10	0.20249656133493	0.14643681209193	76	76	0.170928853459375	0.199352062530736	P122-PWY	heterolactic fermentation // lactate heterofermentation // glucose fermentation to lactate // phosphoketolase pathway // lactic acid heterofermentation // glucose fermentation to lactic acid	Generation of precursor metabolites and energy						
263	PWY-7208	Week_and_consortia	NS6_w9w10	-0.0229586599768008	0.0166222651561028	76	76	0.171429786671382	0.199352062530736	PWY-7208	superpathway of pyrimidine nucleobases salvage	Superpathways	Biosynthesis	Nucleoside and nucleotide biosynthesis				
264	PWY0-1261	Week_and_consortia	NS6_w9w10	-0.054720170490823	0.0403193932670365	76	76	0.178908131630016	0.207263382680811	PWY0-1261	peptidoglycan recycling I // 1,6-anhydro-<i>N</i>-acetylmuramic acid recycling I // cell wall recycling I // anhydromuropeptides recycling I	Degradation/utilization/assimilation						
265	PWYG-321	Week_and_consortia	NS6_w9w10	-0.0499387593520264	0.0371479732170661	76	76	0.183006545484452	0.211214321292206	PWYG-321	mycolate biosynthesis	Biosynthesis						
266	P108-PWY	Week_and_consortia	NS6_w9w10	-0.0226334949422665	0.0169016731188715	76	76	0.184628092879972	0.211771765821359	P108-PWY	pyruvate fermentation to propanoate I // succinate-propionate fermentation pathway // pyruvate fermentation to propionate I // succinate-propanoate fermentation pathway // pyruvic acid fermentation to propanoic acid I	Generation of precursor metabolites and energy						
267	POLYAMSYN-PWY	Week_and_consortia	NS6_w9w10	0.168529382477678	0.125904051054009	76	76	0.184869163648613	0.211771765821359	POLYAMSYN-PWY	superpathway of polyamine biosynthesis I // spermidine biosynthesis // putrescine biosynthesis // polyamine biosynthesis I // aminopropylcadaverine biosynthesis	Superpathways	Biosynthesis	Amide, amidine, amine, and polyamine biosynthesis				
268	PWY-5101	Week_and_consortia	NS6_w9w10	-0.0163882736920621	0.0127117265571042	76	76	0.201386429936192	0.229835070596323	PWY-5101	L-isoleucine biosynthesis II	Biosynthesis						
269	PWY-5345	Week_and_consortia	NS6_w9w10	-0.0596488524786845	0.0466171903527593	76	76	0.204750219313745	0.232808582701185	PWY-5345	superpathway of L-methionine biosynthesis (by sulfhydrylation)	Superpathways	Biosynthesis	Amino acid biosynthesis				
270	PWY-7209	Week_and_consortia	NS6_w9w10	-0.122183956463466	0.0962571682012774	76	76	0.208343523592336	0.236020154032647	PWY-7209	superpathway of pyrimidine ribonucleosides degradation	Degradation/utilization/assimilation	Superpathways					
271	FASYN-INITIAL-PWY	Week_and_consortia	NS6_w9w10	0.0501063945505945	0.0399323857588321	76	76	0.213559975270266	0.241011520282901	FASYN-INITIAL-PWY	superpathway of fatty acid biosynthesis initiation	Superpathways	Biosynthesis	Fatty acid and lipid biosynthesis				
272	P124-PWY	Week_and_consortia	NS6_w9w10	0.18417148671316	0.147023360166742	76	76	0.214319690675023	0.241011520282901	P124-PWY	Bifidobacterium shunt // Bifidum fermentation // Bifidum pathway // fructose 6-phosphate pathway // Bifidum shunt // glucose fermentation to lactate (Bifidobacteria) // glucose fermentation to lactic acid (Bifidobacteria)	Degradation/utilization/assimilation	Generation of precursor metabolites and energy					
273	ARG-POLYAMINE-SYN	Week_and_consortia	NS6_w9w10	0.143692699024045	0.119771286440276	76	76	0.234124541190184	0.262322022428418									
274	PWY-7664	Week_and_consortia	NS6_w9w10	-0.0443815047830623	0.0372895174110494	76	76	0.237827956224199	0.265502482039379	PWY-7664	oleate biosynthesis IV (anaerobic) // <i>cis</i>-7-hexadecenoate biosynthesis // <i>cis</i>-9-octadecenoate biosynthesis // (7<i>Z</i>)-hexadec-7-enoate biosynthesis // (9<i>Z</i>)-octadec-9-enoate biosynthesis // (7<i>Z</i>)-hexadecenoate biosynthesis // (9<i>Z</i>)-octadecenoate biosynthesis	Biosynthesis						
275	PWY-6282	Week_and_consortia	NS6_w9w10	-0.0474072978476213	0.0411564678095514	76	76	0.253127963209914	0.281559002555956	PWY-6282	palmitoleate biosynthesis I (from (5Z)-dodec-5-enoate) // palmitoleic acid biosynthesis I // palmitoleate biosynthesis (anaerobic)	Biosynthesis						
276	X1CMET2-PWY	Week_and_consortia	NS6_w9w10	-0.0136553377136402	0.0131823810232053	76	76	0.30367555601756	0.336564605405743									
277	PWY-6823	Week_and_consortia	NS6_w9w10	-0.110012988566763	0.1131871878823	76	76	0.334281401085079	0.369152482493234	PWY-6823	molybdopterin biosynthesis	Biosynthesis						
278	SALVADEHYPOX-PWY	Week_and_consortia	NS6_w9w10	0.0824819547712821	0.0860881141942745	76	76	0.341168615083798	0.375407759249914	SALVADEHYPOX-PWY	adenosine nucleotides degradation II // purine ribonucleotide/ribonucleoside metabolism	Degradation/utilization/assimilation						
279	PWY-7663	Week_and_consortia	NS6_w9w10	0.0097815627756365	0.0107766810670879	76	76	0.367041801451392	0.40243511801992	PWY-7663	gondoate biosynthesis (anaerobic) // <i>cis</i>-11-icosenoate biosynthesis // (11<i>Z</i>)-icos-11-enoate biosynthesis // (11<i>Z</i>)-icosenoate biosynthesis // gondoic acid biosynthesis // 11-eicosenoic acid biosynthesis	Biosynthesis						
280	THISYN-PWY	Week_and_consortia	NS6_w9w10	0.0293808800697136	0.0333252134382622	76	76	0.380863786727382	0.416103852403225	THISYN-PWY	superpathway of thiamine diphosphate biosynthesis I // superpathway of thiamine diphosphate biosynthesis (E .coli) // superpathway of vitamin B<sub>1</sub> biosynthesis (E .coli)	Superpathways	Biosynthesis	Cofactor, carrier, and vitamin biosynthesis				
281	PWY-6470	Week_and_consortia	NS6_w9w10	-0.076491809956139	0.103947760360156	76	76	0.464164870587051	0.505314238546896	PWY-6470	peptidoglycan biosynthesis V (&beta;-lactam resistance) // penicillin resistance // &beta;-lactam resistance	Detoxification	Superpathways		Biosynthesis	Cell structure biosynthesis		
282	PWY-5989	Week_and_consortia	NS6_w9w10	0.0342361991300282	0.0468328993208165	76	76	0.467100871029821	0.506713665746131	PWY-5989	stearate biosynthesis II (bacteria and plants) // stearic acid biosynthesis	Biosynthesis						
283	PWY-6897	Week_and_consortia	NS6_w9w10	0.0224092321001267	0.0315356185652316	76	76	0.479595174610214	0.518435628892027	PWY-6897	thiamine diphosphate salvage II // thiamin salvage II	Superpathways	Biosynthesis	Cofactor, carrier, and vitamin biosynthesis				
284	PWY-6969	Week_and_consortia	NS6_w9w10	0.0113452618355026	0.0168124586583783	76	76	0.501924360600807	0.540669398962974	PWY-6969	TCA cycle V (2-oxoglutarate synthase) // citric acid cycle // tricarboxylic acid cycle // Szent-Gyorgyi-Krebs cycle // Krebs cycle // TCA cycle V (2-oxoglutarate:ferredoxin oxidoreductase) // reversed TCA cycle	Generation of precursor metabolites and energy						
285	PWY-5659	Week_and_consortia	NS6_w9w10	-0.0088112381986833	0.0132530722311585	76	76	0.508216356959646	0.545532942610529	PWY-5659	GDP-mannose biosynthesis	Biosynthesis						
286	PANTOSYN-PWY	Week_and_consortia	NS6_w9w10	0.0133260686609615	0.0209634775458983	76	76	0.526971909803369	0.563694690974335	PANTOSYN-PWY	superpathway of coenzyme A biosynthesis I (bacteria)	Superpathways	Biosynthesis	Cofactor, carrier, and vitamin biosynthesis				
287	PWY-6608	Week_and_consortia	NS6_w9w10	-0.0374045260280376	0.0624437797350775	76	76	0.551019547955602	0.587371532022118	PWY-6608	guanosine nucleotides degradation III	Degradation/utilization/assimilation						
288	FASYN-ELONG-PWY	Week_and_consortia	NS6_w9w10	0.0114734908890191	0.0199299671478305	76	76	0.566571081464806	0.601859245708289	FASYN-ELONG-PWY	fatty acid elongation -- saturated	Biosynthesis						
289	COA-PWY	Week_and_consortia	NS6_w9w10	0.009233310802619	0.0182390473282171	76	76	0.614213963088524	0.65021960920061	COA-PWY	coenzyme A biosynthesis I (bacteria) // CoA biosynthesis	Biosynthesis						
290	POLYISOPRENSYN-PWY	Week_and_consortia	NS6_w9w10	-0.0086798256052854	0.0220178646478418	76	76	0.694569474799486	0.730249413573432	POLYISOPRENSYN-PWY	polyisoprenoid biosynthesis (<i>E. coli</i>)	Superpathways	Biosynthesis	Polyprenyl biosynthesis				
291	PWY-1269	Week_and_consortia	NS6_w9w10	-0.0135742836683407	0.0342853007685351	76	76	0.693317457546535	0.730249413573432	PWY-1269	CMP-3-deoxy-D-<I>manno</I>-octulosonate biosynthesis // CMP-Kdo biosynthesis I	Biosynthesis						
292	PYRIDNUCSYN-PWY	Week_and_consortia	NS6_w9w10	0.0067858799186424	0.026217966515341	76	76	0.796498065185911	0.834555993215272	PYRIDNUCSYN-PWY	NAD <i>de novo</i> biosynthesis I // nicotinamide adenine dinucleotide biosynthesis	Biosynthesis						
293	GOLPDLCAT-PWY	Week_and_consortia	NS6_w9w10	-0.0296599267023368	0.130884882949714	76	76	0.821359409174849	0.857307854063379	GOLPDLCAT-PWY	superpathway of glycerol degradation to 1,3-propanediol	Degradation/utilization/assimilation	Degradation/utilization/assimilation	Carbohydrate degradation	Superpathways			
294	PWY-5971	Week_and_consortia	NS6_w9w10	-0.0070592608869661	0.0320519568566804	76	76	0.826295498329069	0.857307854063379	PWY-5971	palmitate biosynthesis II (type II fatty acid synthase) // palmitate biosynthesis II (bacteria and plant cytoplasm)	Biosynthesis						
295	PWY4FS-7	Week_and_consortia	NS6_w9w10	-0.0070241843576386	0.0324792138046443	76	76	0.82938251679747	0.857307854063379	PWY4FS-7	phosphatidylglycerol biosynthesis I (acyl-[acp] donor)	Superpathways	Biosynthesis	Fatty acid and lipid biosynthesis				
296	PWY4FS-8	Week_and_consortia	NS6_w9w10	-0.0070241843578421	0.0324792138047358	76	76	0.8293825167931	0.857307854063379	PWY4FS-8	phosphatidylglycerol biosynthesis II (acyl-CoA donor)	Superpathways	Biosynthesis	Fatty acid and lipid biosynthesis				
297	PWY-5676	Week_and_consortia	NS6_w9w10	-0.0106024236835913	0.0597876349083635	76	76	0.859735991462069	0.885333794822284	PWY-5676	acetyl-CoA fermentation to butanoate // acetyl-CoA fermentation to butyrate II // acetyl-CoA fermentation to butanoic acid II	Superpathways	Generation of precursor metabolites and energy					
298	PWY-6471	Week_and_consortia	NS6_w9w10	0.0212970500063716	0.12232736281856	76	76	0.862263207335058	0.885333794822284	PWY-6471	peptidoglycan biosynthesis IV (<i>Enterococcus faecium</i>)	Detoxification	Superpathways		Biosynthesis	Cell structure biosynthesis		
299	HEMESYN2-PWY	Week_and_consortia	NS6_w9w10	0.0173133110096244	0.105641908084148	76	76	0.870273050184481	0.890579421355452	HEMESYN2-PWY	heme <i>b</i> biosynthesis II (oxygen-independent)	Biosynthesis	Biosynthesis	Tetrapyrrole biosynthesis				
300	BIOTIN-BIOSYNTHESIS-PWY	Week_and_consortia	NS6_w9w10	-0.0027464267481489	0.0245364927690215	76	76	0.911184124673956	0.929347263371775	BIOTIN-BIOSYNTHESIS-PWY	superpathway of biotin biosynthesis I // vitamin H biosynthesis	Superpathways	Biosynthesis	Cofactor, carrier, and vitamin biosynthesis				
301	TRPSYN-PWY	Week_and_consortia	NS6_w9w10	-0.0017487321323566	0.0195445949987421	76	76	0.928950165875538	0.944330135509239	TRPSYN-PWY	L-tryptophan biosynthesis	Biosynthesis						
302	PWY-6353	Week_and_consortia	NS6_w9w10	0.0053687358824126	0.062986409337801	76	76	0.932306736399477	0.944614416087919	PWY-6353	purine nucleotides degradation II (aerobic) // purine nucleotides catabolism	Degradation/utilization/assimilation	Superpathways					
303	PWY-6122	Week_and_consortia	NS6_w9w10	-0.0008028268787361	0.0150735788288679	76	76	0.957669759409847	0.963949561110895	PWY-6122	5-aminoimidazole ribonucleotide biosynthesis II	Biosynthesis						
304	PWY-6277	Week_and_consortia	NS6_w9w10	-0.0008028268787361	0.0150735788288679	76	76	0.957669759409847	0.963949561110895	PWY-6277	superpathway of 5-aminoimidazole ribonucleotide biosynthesis (from PRPP)	Superpathways	Biosynthesis	Nucleoside and nucleotide biosynthesis				
305	PWY-6467	Week_and_consortia	NS6_w9w10	-0.0011384789184635	0.0374699785896829	76	76	0.975843885502535	0.979032917808099	PWY-6467	Kdo transfer to lipid IV<sub>A</sub> (four Kdo residues)	Glycan pathways	Biosynthesis	Cell structure biosynthesis				
306	RIBOSYN2-PWY	Week_and_consortia	NS6_w9w10	0.0003162671090426	0.0258032894829296	76	76	0.990254117131804	0.990254117131804	RIBOSYN2-PWY	flavin biosynthesis I (bacteria and plants) // riboflavin, FMN and FAD biosynthesis // vitamin B<sub>2</sub> biosynthesis	Biosynthesis						
