pathway	1136R_R_F_S5_week10	1136R_RL_F_S5_week10	2518R_L_M_S5_week10	2518R_R_M_S5_week10	3752R_0_F_S5_week10	3752R_L_F_S5_week10	3893R_R_M_S5_week10	3893R_RL_M_S5_week10	S5_inocula	096R_0_M_S5_week9	1060R_L_M_S5_week9	1076R_0_M_S5_week9	1136R_0_F_S5_week9	2402R_0_F_S5_week9	2433R_0_F_S5_week9	2475R_0_M_S5_week9	2518R_0_M_S5_week9	3924R_L_F_S5_week9	3929R_0_F_S5_week9	096R_0_M_S5_week5	2402R_R_F_S5_Pellet_week9	2475R_RL_M_S5_Pellet_week9	S5_defined_inocula	1060R_L_M_S5_week5	1076R_0_M_S5_week5	1136R_0_F_S5_week5	2402R_0_F_S5_week5	2402R_R_F_S5_week5	2475R_RL_M_S5_week5	2518R_0_M_S5_week5	3924R_L_F_S5_week5	3929R_0_F_S5_week5	S5_defined_inocula.1
1CMET2-PWY	0.0	1.4132999999982881e-12	0.0	0.0	5.750919999716516e-11	0.0003896609144288474	0.0	0.0	0.9909532483364876	0.9930665232541227	0.0	0.0	0.0	0.0	0.0	0.0	0.0	0.0	0.9998685319515608	0.999996877258915	0.9999999999999949	0.9999999999999053	0.9985339194462463	0.0	0.0	0.0	1.3999999999999983e-15	0.0	0.0	0.0	0.0	0.0	0.9857055011982441
ANAGLYCOLYSIS-PWY	1.0	1.0	0.9999991451139542	0.9999997784464535	1.0	1.0	1.0	0.977954121317154	0.9864084313595576	1.0	0.9998977861705075	0.9999999999999978	0.943192195895533	0.9999999999999765	0.9999999999995409	1.0	0.9732003616756281	0.9999999999999998	1.0	0.9999999999968558	1.0	1.0	0.9977212862417056	0.9999970492361567	0.9999987331900535	0.9997694879480613	0.9999999673288716	0.999998945214197	0.9999999999999775	0.9999999997515174	0.9999999999997904	0.9976195684968598	0.9878196074216301
ARGSYN-PWY	0.0	0.0	0.0	0.0	0.0	0.0	0.0	0.0	0.0	0.0	0.0	0.0	0.0	0.0	0.0	0.0	0.0	0.0	1.028571428571428e-15	0.9999999999423916	0.9999999998896727	1.0	0.0	0.0	0.0	0.0	0.0	0.0	0.0	0.0	0.0	0.0	0.0
ARGSYNBSUB-PWY	0.0	0.0	0.0	0.0	0.0	0.0	0.0	0.0	0.0	0.0	0.0	0.0	0.0	0.0	0.0	0.0	0.0	0.0	1.3333333333333323e-15	0.9999999999558111	0.9999999999148905	1.0	0.0	0.0	0.0	0.0	0.0	0.0	0.0	0.0	0.0	0.0	0.0
ARO-PWY	0.0	0.0	0.0	0.0	0.0	0.0	0.0	0.0	0.7514313582478305	4.7249921086381314e-08	0.0	0.24562191872866357	0.0	0.030554273769534273	0.0	0.0	0.0	0.0	0.0038397234067882543	0.9999999999898608	1.0	1.0	0.778213708578041	1.2546381590747341e-07	0.0	0.0	1.8199999999999717e-14	0.9733500943995889	0.0	0.0	0.0	0.0	0.7778986652456564
BRANCHED-CHAIN-AA-SYN-PWY	1.0	1.0	0.9999968402243816	0.9999989291877412	1.0	1.0	1.0	0.9414136892116254	0.7249868726504612	1.0	0.999714834532337	0.9999999999999736	0.6760285766469115	0.9999999999999021	0.9999999999980487	1.0	0.9443924254886322	0.9999999999999991	1.0	0.999999999985766	1.0	1.0	0.7660601113772647	0.9999917928353735	0.9999960190902744	0.9993770633866254	0.9999999205632351	0.999997472032567	0.9999999999998768	0.9999999989789483	0.9999999999993854	0.7667736285206745	0.7600175559710941
CALVIN-PWY	0.0	0.0	0.0	0.0	0.0	0.0	0.0	0.0	0.867304479397185	0.0	0.0	0.0	0.0	0.0	0.0	0.0	0.0	0.0	0.0	0.0	0.0	0.0	1.0	0.0	0.0	0.0	0.0	0.0	0.0	0.0	0.0	0.0	0.9999993552483586
COA-PWY	0.7667598923779315	0.9948998756356959	0.001001007215332486	2.3301099628121924e-05	0.9974096247473195	0.7119156811955639	0.7057594492767504	6.172417976549221e-13	0.061072934524158344	0.9999920563891423	0.532962649204032	0.916422140968066	0.0	0.3518119689747423	0.11904690263610536	0.6497885716595038	2.17242218600393e-11	0.1393692543536531	0.8164191313110837	3.25619484538323e-07	0.08374226505667971	0.00035473595431216815	0.001132205909742744	0.3368051469864674	8.838576529049608e-06	1.0359396501418822e-05	0.9609237648479712	0.014464445634169019	0.44951493602918663	0.047788101157517894	0.00011507448208237995	0.0	0.017176647420192055
COMPLETE-ARO-PWY	0.0	0.0	0.0	0.0	0.0	0.0	0.0	0.0	0.7755278461682076	5.399990944850844e-08	0.0	0.27119485005837685	0.0	0.03476741386781404	0.0	0.0	0.0	0.0	0.004385849543593549	0.9999999999911282	1.0	1.0	0.800403524752532	1.4338721560998286e-07	0.0	0.0	2.0799999999999622e-14	0.9766033929284118	0.0	0.0	0.0	0.0	0.8001119055166681
DAPLYSINESYN-PWY	0.0	0.0	0.0	0.0	0.0	0.0	0.0	0.0	0.9697012748827665	0.0	0.0	0.0	0.0	0.0	0.0	0.0	0.0	0.0	0.0	0.9999911468906364	0.012891503480617171	0.28870582671431416	0.998210749317075	0.0	0.0	0.0	0.0	0.0	0.0	0.0	0.0	0.0	0.9920939100284651
DTDPRHAMSYN-PWY	1.0	1.0	1.0	1.0	1.0	1.0	1.0	1.0	1.0	1.0	1.0	1.0	1.0	1.0	1.0	1.0	1.0	1.0	1.0	1.0	1.0	1.0	1.0	1.0	1.0	1.0	1.0	1.0	1.0	1.0	1.0	1.0	1.0
FASYN-ELONG-PWY	0.00012206612370091359	0.0033449840186754415	0.8009244655404278	0.8009837356181618	0.004220683964303036	0.00011691009127360798	0.8009518124367392	0.8945901481520878	1.0	0.002073581140534485	0.8008959331305261	9.438499533186045e-09	1.0	3.0803999999928834e-12	0.8008766324531861	4e-16	0.8762699269348273	2.5845343309270083e-06	1.941239999971737e-11	0.0	0.0	0.0	2.0198347969402005e-09	4.927371857907542e-08	1.2399999999999884e-14	0.33787621523245326	0.014954674103320974	0.0	0.0	0.0	0.0	1.0	0.9999999990569193
FASYN-INITIAL-PWY	0.0	0.0	0.0	0.0	0.0	0.0	0.0	0.0	0.19441876794821494	0.0	0.0	0.0	0.0	0.0	0.0	0.0	0.0	0.0	0.0	0.0	0.0	0.0	1.2623967280105843e-09	0.0	0.0	0.0	0.0	0.0	0.0	0.0	0.0	0.0	0.11979671880689557
GALACTARDEG-PWY	0.0	0.0	0.0	0.0	0.0	0.0	0.0	0.0	0.0	0.0	0.0	0.0	0.0	0.0	0.0	0.0	0.0	0.0	0.0	0.0	0.0	0.0	0.0033973336019080293	0.0	0.0	0.0	0.0	0.0	0.0	0.0	0.0	0.0	0.0
GALACTUROCAT-PWY	0.0	0.0	0.0	0.0	0.0	0.0	0.0	0.0	0.0	0.0	0.0	0.0	1.7157499999982338e-12	0.0	0.0	0.0	0.0	0.0	0.0	0.0	0.0	0.0	0.0	0.0	0.0	0.0	0.0	0.0	0.0	0.0	0.0	0.0	0.0
GLUCARGALACTSUPER-PWY	0.0	0.0	0.0	0.0	0.0	0.0	0.0	0.0	0.0	0.0	0.0	0.0	0.0	0.0	0.0	0.0	0.0	0.0	0.0	0.0	0.0	0.0	0.0033973336019080293	0.0	0.0	0.0	0.0	0.0	0.0	0.0	0.0	0.0	0.0
GLUCONEO-PWY	0.0	0.0	0.0	0.0	0.0	0.0	0.0	0.0	2.5254399999436994e-11	0.0	0.0	0.0	0.0	0.0	0.0	0.0	0.0	0.0	0.0	0.0	0.0	0.0	0.0	0.0	0.0	0.0	0.0	0.0	0.0	0.0	0.0	0.0	0.0
GLUCOSE1PMETAB-PWY	0.0	0.0	0.0	0.0	0.0	0.0	0.0	0.0	1.0	0.0	0.0	0.0	0.9999999999998179	0.0	0.0	0.0	0.0	0.0	0.0	0.0	0.0	0.0	1.0	0.0	1.4042264825e-06	0.0	0.0	0.0	0.0	0.0	0.0	0.1988769464624608	1.0
GLUTORN-PWY	1.0	1.0	0.999995508004837	0.9999984507787633	1.0	1.0	1.0	0.9277822499127214	0.6082679569008554	1.0	0.9995531120983537	0.9999999999999545	0.6084939829144771	0.9999999999998497	0.9999999999973046	1.0	0.9294923136898473	0.9999999999999986	1.0	0.9999999999787077	1.0	1.0	0.6263255186433861	0.9999873926539781	0.9999942528601056	0.9991680470247268	0.999999866368025	0.9999957228879761	0.9999999999998023	0.9999999986014242	0.9999999999989996	0.6832039194339719	0.6267092104291966
GLYCOCAT-PWY	1.0	1.0	1.0	1.0	1.0	1.0	1.0	0.9999999999999853	1.0	1.0	1.0	1.0	0.9999999999988187	1.0	1.0	1.0	0.9999999999999964	1.0	1.0	1.0	1.0	1.0	1.0	0.9999999999756217	1.0	1.0	1.0	0.9999999998351443	1.0	1.0	1.0	0.9999999484597681	1.0
GLYCOGENSYNTH-PWY	0.0	0.0	0.0	0.0	0.0	0.0	0.0	0.0	0.3467087607952279	0.0	0.0	0.0	0.0	0.0	0.0	0.0	0.0	0.0	0.0	0.0	0.0	0.0	0.02094769628599646	0.0	0.0	0.0	0.0	0.0	0.0	0.0	0.0	0.0	0.06036379005223631
GLYCOLYSIS	0.0	0.0	0.0	0.0	0.0	0.0	0.0	0.0	0.009045321720127163	0.0	0.0	0.0	0.0	0.0	0.0	0.0	0.0	0.0	0.0	0.0	0.0	0.0	0.0	0.0	0.0	0.0	0.0	0.0	0.0	0.0	0.0	0.0	2.443072086577784e-08
HISTSYN-PWY	1.0	1.0	0.9999933074590528	0.9999977323014828	1.0	1.0	1.0	0.9087901925470778	0.6198301987790573	1.0	0.9993304068360781	0.9999999999996445	0.5727382126829802	0.9999999999996962	0.9999999999958593	1.0	0.9068507336454114	0.999999999999998	1.0	0.9999999999462258	1.0	1.0	0.6376722736981311	0.9999824372744307	0.9999915736199196	0.9988352709082476	0.9999997895260357	0.9999922746664925	0.9999999999995024	0.9999999977142114	0.9999999999980478	0.6191166242630041	0.6380510473552617
ILEUSYN-PWY	1.0	1.0	0.9999977155603885	0.9999992594965806	1.0	1.0	1.0	0.9449279190479549	0.8746435263185953	1.0	0.9998457663908308	0.9999999999999911	0.6887716400269538	0.9999999999999432	0.9999999999984908	1.0	0.9502230674672625	0.9999999999999993	1.0	0.9999999999910303	1.0	1.0	0.9826231378441787	0.999995241323895	0.9999972316598856	0.9994827625312849	0.9999999684480639	0.9999990264792854	0.9999999999999387	0.999999999195591	0.9999999999997142	0.8468835471587147	0.9570731119206402
NAGLIPASYN-PWY	2.0396666666634965e-12	1.3883041884437892e-06	0.0	0.0	1.8097123578657266e-05	6.969999999987913e-13	4.11666666666602e-14	0.0	0.0	1.3492112958876011e-05	0.0	0.0	0.0	0.0	0.0	0.0	0.0	0.0	4.999999999999886e-16	0.0	0.0	0.0	0.0	1.0566666666660373e-13	0.0	0.0	0.002266868344135743	0.0	0.0	0.0	0.0	0.0	0.0
NONOXIPENT-PWY	0.0	0.0	0.0	0.0	0.0	0.0008438451104034858	0.0	0.0	1.0	0.0	0.0	0.0	0.9999999999999989	0.0	0.0	4.4266666666665686e-14	0.0	0.0	0.0	0.0	0.0	0.0	1.0	0.0	2.6781679996413704e-10	0.0	0.0	0.0	0.0	0.0	0.0	1.2471608747832194e-06	1.0
P108-PWY	1.0	1.0	0.9999999999993437	0.9999999999880149	1.0	1.0	1.0	0.9999880983912515	0.0	1.0	1.0	0.9881190301809432	0.9999999999958313	0.9999999999968386	1.0	1.0	0.9999998376721972	1.0	1.0	0.7514869865757725	0.9999999720474222	0.8253257966674085	0.0	0.9999926185276962	0.9768221201728444	0.9997433491697618	1.0	0.9999999286966931	0.9999999997253054	0.9999999982952201	1.0	0.9994796965264419	0.0
P161-PWY	0.0	0.0	0.0	0.0	0.0	0.0	0.0	0.0	5.199999999999987e-15	0.0	0.0	0.0	0.0	0.0	0.0	0.0	0.0	0.0	0.0	0.0	0.0	0.0	0.9999999999999822	0.0	0.0	0.0	0.0	0.0	0.0	0.0	0.0	0.0	4.4848373003114946e-07
P42-PWY	0.9999999999983282	1.0	0.0011891855261525412	0.0025081731879105203	1.0	0.9999999999997053	0.9474772266681027	0.05528281347042808	0.0	1.0	0.9999999999998929	1.0	1.0	1.0	0.9999999999999994	0.9815912101603986	0.9855829784757529	0.9999999999994874	1.0	0.779148196018132	0.9999999760406475	0.8464475907498399	2.4483032412478713e-08	1.0	1.0	0.999999999631837	1.0	1.0	0.9999962201402455	0.9999670233267081	0.7788925036796175	1.0	0.9733254162482319
PANTO-PWY	2.087266621056753e-06	0.04760579301246417	1.0277999999960322e-12	3.9999999999999984e-16	0.07031072044576624	4.1105106880335794e-06	3.1734629023585157e-06	0.0	0.0	0.13751758001566158	1.1999999999999927e-14	0.00048750798835080553	0.0	9.242380090918538e-07	1.2680597991960123e-09	1.7147219998529866e-10	0.0	3.5395707937357193e-09	1.2397934684731357e-05	0.0	7.357999999997292e-13	0.0	0.0	1.9995875800824557e-07	5.9999999999999815e-15	1.0459999999994519e-12	0.016743803650039416	2e-16	4.928248111955349e-06	2.4279325512571173e-07	3.8158399999271966e-11	0.0	0.0
PANTOSYN-PWY	9.305729874672377e-09	0.0028323000544920526	1.3492123687276926e-15	0.0	0.0044516932441489784	5.60928839890152e-09	4.824933264334107e-08	0.0	0.0	0.02022337947785567	0.0	2.215237074459666e-09	0.0	1.4413133400667134e-09	6.749984030759257e-15	0.0	0.0	2.4306079566424864e-12	7.244625296416987e-07	0.0	0.0	0.0	0.0	5.669992854332971e-13	0.0	0.0	0.007299287378484001	0.0	2.484083849363923e-10	1.7221445709654962e-12	9.215098664747053e-14	0.0	0.0
PEPTIDOGLYCANSYN-PWY	0.0	0.0	0.0	0.0	0.0	0.0	0.0	0.0	0.9962398086758251	0.0	0.0	0.0	0.0	0.0	0.0	0.0	0.0	0.0	0.0	0.0	0.0	0.0	0.9989192318559769	0.0	0.0	0.0	0.0	0.0	0.0	0.0	0.0	0.0	0.9834312406802456
PHOSLIPSYN-PWY	7.564154995422685e-10	0.0006342559098140478	0.0	0.0	0.0005827560093075903	7.371084995653368e-10	4.6135299982972274e-10	0.0	0.0	0.003597223212235917	4.999999999999998e-16	4.908499999980725e-12	0.0	2.3299999999995655e-13	0.0	0.0	0.0	0.0	1.6051999999793867e-11	0.5731856200768753	0.6961253114368036	0.9877673377548937	0.0	1.7612699997518333e-10	0.0	0.0	0.0423495686034039	0.0	0.0	0.0	0.0	0.0	0.0
POLYISOPRENSYN-PWY	4.895199999982028e-12	3.3319254964835575e-06	0.0	0.0	4.3432011471198943e-05	1.672799999997901e-12	9.87999999999927e-14	0.0	0.0	3.238045997866093e-05	0.0	0.0	0.0	0.0	0.0	0.0	0.0	0.0	1.1999999999999988e-15	0.0	0.0	0.0	0.0	2.5359999999995173e-13	0.0	0.0	0.005423281179650438	0.0	0.0	0.0	0.0	0.0	0.0
PWY-1269	8.569199999963284e-12	4.299572132619868e-06	0.0	0.0	5.155224140615037e-05	3.891999999992426e-12	1.643999999999865e-13	0.0	0.0	3.544942004977189e-05	0.0	0.0	0.0	0.0	0.0	0.0	0.0	0.0	1.7999999999999985e-15	0.0	0.0	0.0	0.0	3.0279999999995414e-13	0.0	0.0	0.003618841273713614	0.0	0.0	0.0	0.0	0.0	0.0
PWY-2942	1.0	1.0	0.9999984462642442	0.9999991345591469	1.0	1.0	1.0	0.9627040049080408	0.955230147058063	1.0	0.9998429496516997	0.9999999999999746	0.7209242693729695	0.9999999999999633	0.9999999999993223	1.0	0.9607998029252873	0.9999999999999994	1.0	0.9999999999977923	1.0	1.0	0.997318522892985	0.9999978234350988	0.9999983903583165	0.9997295632562009	0.9999999649389473	0.9999992739429209	0.9999999999999849	0.9999999997953312	0.9999999999998886	0.8602395753935117	0.9881875601488211
PWY-3001	0.0	0.0	0.0	0.0	0.0	0.0	0.0	0.0	0.8035184838555771	0.0	0.0	0.0	0.0	0.0	0.0	0.0	0.0	0.0	0.0	0.0	0.0	0.0	0.831657120251194	0.0	0.0	0.0	0.0	0.0	0.0	0.0	0.0	0.0	0.8279564505337539
PWY-5097	1.0	1.0	0.9999986682261993	0.9999992581934628	1.0	1.0	1.0	0.9678607663927671	0.9999999721449075	1.0	0.9998653823954938	0.9999999999999781	0.9131800303151597	0.9999999999999686	0.9999999999994191	1.0	0.9662106095409564	0.9999999999999994	1.0	0.9999999999981076	1.0	1.0	0.9977007102664467	0.9999981343723617	0.9999986203068112	0.9999012851107901	0.9999999699476689	0.9999993776652961	0.999999999999987	0.9999999998245696	0.9999999999999046	0.9950421094390334	0.9898579369118187
PWY-5100	0.0	0.0	0.0	0.0	0.0	0.8362441259468323	0.0	0.0	0.9999999999999991	0.0	0.0	0.0	1.0	0.0	0.0	1.1599999999999934e-14	0.0	0.0	0.0	0.7060349800737982	0.00046033951874780343	0.007713708780748057	1.0	0.0	0.0028415382156006617	1.7458962595922992e-07	0.0	0.0	0.0	0.0	4.39999999999999e-15	0.0012686406085333063	1.0
PWY-5101	1.0	1.0	0.999997005332074	0.9999989671853088	1.0	1.0	1.0	0.950667266946214	0.6996228535011405	1.0	0.9997020303458913	0.9999999999999695	0.7153189036507765	0.9999999999998999	0.999999999998203	1.0	0.9518635457886936	0.9999999999999993	1.0	0.9999999999858051	1.0	1.0	0.7154393248635583	0.9999915950673308	0.9999961685660638	0.9994452108304441	0.9999999109120127	0.9999971485879188	0.9999999999998682	0.9999999990676158	0.9999999999993328	0.7638673094168807	0.7157730379223753
PWY-5103	1.0	1.0	0.9999960915604499	0.9999986709844214	1.0	1.0	1.0	0.9300548044406197	0.672643913857847	1.0	0.9996403679549128	0.9999999999999659	0.6334237930950295	0.9999999999998771	0.9999999999975995	1.0	0.9332497422596198	0.9999999999999989	1.0	0.9999999999822172	1.0	1.0	0.7118368774302463	0.999989691623451	0.9999950612366642	0.9992384811647478	0.9999998982912403	0.9999967591816262	0.9999999999998437	0.9999999987458527	0.9999999999992187	0.7238782135236286	0.7066978962046525
PWY-5104	1.0	1.0	0.999997005332074	0.9999989671853088	1.0	1.0	1.0	0.950667266946214	0.6996228535011404	1.0	0.9997020303458913	0.9999999999999695	0.7153189036507765	0.9999999999998999	0.999999999998203	1.0	0.9518635457886936	0.9999999999999993	1.0	0.9999999999858051	1.0	1.0	0.7154393248635583	0.9999915950673308	0.9999961685660638	0.9994452108304441	0.9999999109120127	0.9999971485879188	0.9999999999998682	0.9999999990676158	0.9999999999993328	0.7638673094168807	0.7157730379223753
PWY-5484	0.0	0.0	0.0	0.0	0.0	0.0	0.0	0.0	0.004543350457431299	0.0	0.0	0.0	0.0	0.0	0.0	0.0	0.0	0.0	0.0	0.0	0.0	0.0	0.0	0.0	0.0	0.0	0.0	0.0	0.0	0.0	0.0	0.0	1.2215360583023908e-08
PWY-5659	1.0	1.0	0.9999824326989383	0.9999976282188433	1.0	1.0	1.0	0.9994309865572596	1.0	1.0	0.9999999667886061	1.0	1.0	1.0	0.9999999999999822	1.0	0.9945389450679315	1.0	1.0	1.0	1.0	1.0	1.0	1.0	1.0	1.0	0.9999999993915756	1.0	0.999999999999964	0.999999997914955	0.9999999213174116	1.0	1.0
PWY-5667	1.0	1.0	1.0	1.0	1.0	1.0	1.0	1.0	1.0	1.0	1.0	1.0	0.9999999999993903	1.0	1.0	1.0	1.0	1.0	1.0	1.0	1.0	1.0	1.0	0.9999999999026594	1.0	0.9999999990268846	1.0	0.999999999313121	1.0	1.0	1.0	0.9969996002791071	1.0
PWY-5686	1.0	1.0	0.9999975044421495	0.9999991393209425	1.0	1.0	1.0	0.9585485704033467	0.7364938398385912	1.0	0.99975167962292	0.9999999999999747	0.7509490711293664	0.9999999999999165	0.9999999999985025	1.0	0.9595618634054826	0.9999999999999992	1.0	0.9999999999881709	1.0	1.0	0.7510596657911026	0.9999929958796308	0.9999968071363476	0.9995376329393305	0.9999999257600094	0.9999976238221364	0.9999999999998902	0.9999999992230134	0.9999999999994441	0.7951612364520165	0.7513661230144486
PWY-5695	0.0	0.0	0.0	0.0	0.0	0.0	0.0	0.0	1.0	0.0	0.0	0.0	0.0	0.0	0.0	0.0	0.0	0.0	0.0	0.0	0.0	0.0	1.0	0.0	0.0	0.0	0.0	0.0	0.0	0.0	0.0	0.0	1.0
PWY-5913	0.050547780971142396	0.08723756565256212	0.0	0.0	0.19537817185364093	5.349748063009401e-07	1.0418027071273287e-05	0.0	0.0	0.004590978502716561	0.22760731442664517	0.9907577558945957	0.0	0.9497991181861418	1.3999999999999904e-14	2.8822959995846186e-10	0.0	2.4761624749059036e-06	0.007957644741793302	0.1401893244470928	0.6683524901311835	0.6682061037745639	0.0	0.9474620515214133	7.977412168180448e-09	0.0	0.7797408711263168	0.9680778737283283	0.9999933852641816	0.6681875529082978	0.00018925060062338153	0.0	9.869319999512983e-11
PWY-5973	1.0	1.0	0.9999924248064497	0.9999973674203263	1.0	1.0	1.0	0.9359640497847153	0.19441876794821494	1.0	0.9993192883857022	0.9999999999996849	0.6600699817785807	0.9999999999997818	0.9999999999959407	1.0	0.93658307843229	0.9999999999999979	1.0	0.9999999999721844	1.0	1.0	0.036501186169302355	0.9999819872472706	0.9999934596303894	0.9992613908107323	0.9999997013706163	0.9999902722759307	0.9999999999996525	0.9999999986537876	0.9999999999980929	0.6051662980144079	0.11979671881772308
PWY-5989	9.155238663692328e-05	0.002510837691994884	0.7510836711228795	0.7511531696819366	1.9667069997421375e-10	8.768513127438113e-05	0.7511157370656836	0.8642242320636849	1.0	0.0	0.7510502156757783	9.299999999999942e-15	1.0	0.0	0.7510275851606087	3e-16	0.8415611206204355	1.9384020006618855e-06	0.0	0.0	0.0	0.0	1.5148760984701003e-09	0.0	9.299999999999942e-15	0.2767871064089932	0.0	0.0	0.0	0.0	0.0	1.0	0.9999999987425591
PWY-6121	1.0	1.0	1.0	1.0	1.0	1.0	1.0	1.0	0.994510000586819	1.0	0.9999999999953655	1.0	1.0	1.0	1.0	1.0	1.0	1.0	1.0	1.0	1.0	1.0	0.9999992938330902	1.0	1.0	1.0	1.0	1.0	1.0	1.0	1.0	1.0	0.9999604431503265
PWY-6122	1.0	1.0	1.0	1.0	1.0	1.0	1.0	1.0	0.9931469066032055	1.0	0.9999999999942069	1.0	1.0	1.0	1.0	1.0	1.0	1.0	1.0	1.0	1.0	1.0	0.9999991172915186	1.0	1.0	1.0	1.0	1.0	1.0	1.0	1.0	1.0	0.9999505544268859
PWY-6123	1.0	1.0	0.9999975044421495	0.9999991393209425	1.0	1.0	1.0	0.9585485704033467	0.736493799569635	1.0	0.99975167962292	0.9999999999999746	0.7509490711293664	0.9999999999999165	0.9999999999985025	1.0	0.9595618634054826	0.9999999999999994	1.0	0.9999999999881709	1.0	1.0	0.7037051059901764	0.9999929958796308	0.9999968071363476	0.9995376329393305	0.9999999257600094	0.9999976238221364	0.9999999999998902	0.9999999992230132	0.999999999999444	0.7951612364520165	0.7513644894883582
PWY-6125	0.0	0.0	0.0	0.0	0.0	0.0	0.0	0.0	0.0	0.0	0.0	0.0	0.0	0.0	0.0	0.0	0.0	0.0	0.0	0.0	0.0	0.0	0.0	1.0639999999999353e-13	0.0	0.0	3.266666666666661e-15	0.0	0.0	0.0	0.0	0.0	0.0
PWY-6126	0.0	0.0	0.0	0.0	0.0	0.0	0.0	0.0	0.0	0.0	0.0	0.0	0.0	0.0	0.0	0.0	0.0	0.0	0.0	0.0	0.0	0.0	0.0	1.5959999999998182e-13	0.0	0.0	4.899999999999983e-15	0.0	0.0	0.0	0.0	0.0	0.0
PWY-6163	1.0	1.0	0.9999970051012116	0.9999989671844178	1.0	1.0	1.0	0.9506398167712493	0.6993196890892108	1.0	0.9997020084710765	0.9999999999999695	0.7126497587143268	0.9999999999998999	0.999999999998203	1.0	0.9515570737036682	0.9999999999999993	1.0	0.9999999999858051	1.0	1.0	0.7154392671069141	0.9999915950673215	0.9999961685646257	0.9994451197351403	0.9999999093834673	0.9999971485879188	0.9999999999998682	0.9999999990676158	0.9999999999993328	0.763851519966911	0.7157403632403918
PWY-621	0.0	0.0	0.0	0.0	0.0	0.0	0.0	0.0	0.9996498010469042	0.0	0.0	0.0	0.0	0.0	0.0	0.0	0.0	0.0	0.0	0.9958587797547239	1.2998623747783542e-06	0.8075288455145024	1.0	0.0	0.0	0.0	0.0	0.0	0.0	0.0	0.0	0.0	1.0
PWY-6277	1.0	1.0	1.0	1.0	1.0	1.0	1.0	1.0	0.9931469066032055	1.0	0.9999999999942069	1.0	1.0	1.0	1.0	1.0	1.0	1.0	1.0	1.0	1.0	1.0	0.9999991172915186	1.0	1.0	1.0	1.0	1.0	1.0	1.0	1.0	1.0	0.9999505544268859
PWY-6282	9.155238663692326e-05	0.002510837691994884	0.7510836711228795	0.7511531696819365	1.9667069997421375e-10	8.768513127438113e-05	0.7511157370656836	0.8642242320636849	1.0	0.0	0.7510502156757783	9.299999999999942e-15	1.0	0.0	0.7510275851606086	3e-16	0.8415611206204355	1.9384020006618855e-06	0.0	0.0	0.0	0.0	1.5148760984701003e-09	0.0	9.299999999999942e-15	0.2767871064089932	0.0	0.0	0.0	0.0	0.0	1.0	0.9999999987425591
PWY-6385	0.0	0.0	0.0	0.0	0.0	0.0	0.0	0.0	0.9962451938217811	0.0	0.0	0.0	0.0	0.0	0.0	0.0	0.0	0.0	0.0	0.0	0.0	0.0	0.9989192322251083	0.0	0.0	0.0	0.0	0.0	0.0	0.0	0.0	0.0	0.9834338851619785
PWY-6386	0.0	0.0	0.0	0.0	0.0	0.0	0.0	0.0	0.05542676840968092	0.0	0.0	0.0	0.0	0.0	0.0	0.0	0.0	0.0	0.0	0.0	0.0	0.0	5.476526397997809e-10	0.0	0.0	0.0	0.0	0.0	0.0	0.0	0.0	0.0	0.05242761740724899
PWY-6387	0.0	0.0	0.0	0.0	0.0	0.0	0.0	0.0	0.9958854577365414	0.0	0.0	0.0	0.0	0.0	0.0	0.0	0.0	0.0	0.0	0.0	0.0	0.0	0.9986506282818647	0.0	0.0	0.0	0.0	0.0	0.0	0.0	0.0	0.0	0.9794953811501844
PWY-6467	1.2238e-12	8.329834557000001e-07	0.0	0.0	1.0858356568e-05	4.181999999999999e-13	2.47e-14	0.0	0.0	8.0953115921e-06	0.0	0.0	0.0	0.0	0.0	0.0	0.0	0.0	3e-16	0.0	0.0	0.0	0.0	6.34e-14	0.0	0.0	0.0013613575640991997	0.0	0.0	0.0	0.0	0.0	0.0
PWY-6519	0.00011189508494244412	0.0030670902977883163	0.7866871773330807	0.7867495576215834	2.40375299957978e-10	0.00010716862775864506	0.7867159591819877	0.8860727514412794	0.0	0.0	0.786657147914015	1.1366666666666572e-14	1.0	0.0	0.7866368346752852	3.666666666666667e-16	0.866523111639398	2.369156980280387e-06	0.0	0.0	0.0	0.0	0.0	0.0	1.1366666666666572e-14	0.31869309880001995	0.0	0.0	0.0	0.0	0.0	1.0	0.0
PWY-6608	0.0	0.0	0.0	0.0	0.0	0.0	0.0	0.0	1.0	0.0	0.0	0.0	0.0	0.0	0.0	0.0	0.0	0.0	0.0	0.0	0.0	0.0	1.0	0.0	0.0	0.0	0.0	0.0	0.0	0.0	0.0	0.0	1.0
PWY-6609	0.0	0.0	0.0	0.0	0.0	0.0	0.0	0.0	0.9857810342244522	0.0	0.0	0.0	0.0	0.0	0.0	0.0	0.0	0.0	0.0	0.0	0.0	0.0	0.999038396285943	0.0	0.0	0.0	0.0	0.0	0.0	0.0	0.0	0.0	0.9932298002216734
PWY-6700	1.0	1.0	0.9999981046661991	0.999999503847632	1.0	1.0	1.0	0.9531734163180398	0.9699298462572832	1.0	0.9997716182967129	0.9999999999999951	0.7089383237511241	0.9999999999999472	0.9999999999989677	1.0	0.9501725993285401	0.9999999999999996	1.0	0.9999999999929259	1.0	1.0	0.9948874565726474	0.9999933608059195	0.9999971496825014	0.9995008717971784	0.9999999279883182	0.999997626735112	0.9999999999999494	0.9999999994415001	0.9999999999995304	0.7783724411634176	0.9730051268887903
PWY-6703	1.6317333333326544e-12	1.1106442988680923e-06	0.0	0.0	1.4477756313249782e-05	5.575999999999222e-13	3.2933333333333066e-14	0.0	0.0	1.0793719662997403e-05	0.0	0.0	0.0	0.0	0.0	0.0	0.0	0.0	3.9999999999999994e-16	0.0	0.0	0.0	0.0	8.45333333332811e-14	0.0	0.0	0.0018141209449825879	0.0	0.0	0.0	0.0	0.0	0.0
PWY-6737	1.0	1.0	1.0	1.0	1.0	1.0	1.0	1.0	1.0	1.0	1.0	1.0	1.0	1.0	1.0	1.0	1.0	1.0	1.0	1.0	1.0	1.0	1.0	0.9999999999674956	1.0	1.0	1.0	0.9999999997801923	1.0	1.0	1.0	0.999999931279692	1.0
PWY-6897	0.9317247836839151	0.9999989382164071	0.853339583863218	0.021615981799769247	0.9999990287365241	0.9996295843554915	0.9998212444527151	2.6227578895704697e-08	5.437347413562712e-06	1.0	0.00048612932853432027	0.0003677656522995509	0.0	9.979160401601168e-06	0.005848435291250742	0.00022646818484690516	1.8498928578048643e-07	0.02369500349184542	0.9984822885050428	1.0574999999999962e-14	4.3340703687386115e-09	1.3564782597905513e-07	0.0	1.742052343591774e-07	3.4109999999996126e-13	0.0	0.9933471835999161	0.0	2.25e-16	2.11154174985138e-10	3.1022157067710126e-07	0.0	0.0
PWY-6969	0.11740070060311251	0.19238722221831644	0.0	0.0	0.3777179731008509	3.083701076241594e-06	2.6044311780319593e-05	0.0	0.0	0.01138630767578493	0.5906088967415536	0.9962824873586914	0.0	0.9792960328287155	1.3999999999960003e-13	2.8822959925020447e-09	0.0	2.4755857973115323e-05	0.019655630885290855	0.27384495856614033	0.8343856296541217	0.7543734790048057	0.0	0.9783007819622992	7.97700334376588e-08	0.0	0.8647044193819067	0.9869818077565325	0.9999989478701807	0.8341756533126529	0.00047298082530680924	0.0	4.478414842657216e-10
PWY-7111	1.0	1.0	1.0	1.0	1.0	1.0	1.0	1.0	1.0	1.0	1.0	1.0	1.0	1.0	1.0	1.0	1.0	1.0	1.0	1.0	1.0	1.0	1.0	1.0	1.0	1.0	1.0	1.0	1.0	1.0	1.0	1.0	1.0
PWY-7197	0.0	0.0	0.0	0.0	0.0	0.0	0.0	0.0	0.0	0.0	0.0	0.0	0.0	0.0	0.0	0.0	0.0	0.0	0.0	0.0	0.0	0.0	0.0	6.079999999999908e-14	0.0	0.0	1.8666666666666657e-15	0.0	0.0	0.0	0.0	0.0	0.0
PWY-7208	1.0	1.0	0.9999959105980305	0.9999992556386269	1.0	1.0	1.0	0.9237629156802556	0.7742535175244329	1.0	0.9995193580972979	0.9999999999999927	0.6078814209787079	0.9999999999998528	0.9999999999971987	1.0	0.9130370144099988	0.9999999999999989	1.0	0.9999999999594982	1.0	1.0	0.6341197489628905	0.999976116888875	0.9999929484474156	0.9988428013622714	0.9999998038523349	0.9999913401079871	0.9999999999996136	0.9999999976326703	0.9999999999974438	0.6241570665687796	0.5893107304337372
PWY-7219	1.0	1.0	1.0	1.0	1.0	1.0	1.0	1.0	0.9999999583651245	1.0	1.0	1.0	1.0	1.0	1.0	1.0	1.0	1.0	1.0	1.0	1.0	1.0	1.0	1.0	1.0	1.0	1.0	1.0	1.0	1.0	1.0	1.0	0.9999999972139197
PWY-7220	0.0	0.0	0.0	0.0	0.0	0.0	0.0	0.0	0.0	0.0	0.0	0.0	0.0	0.0	0.0	0.0	0.0	0.0	0.0	0.0	0.0	0.0	0.0	6.839999999999844e-14	0.0	0.0	2.0999999999999986e-15	0.0	0.0	0.0	0.0	0.0	0.0
PWY-7221	1.0	1.0	1.0	1.0	1.0	1.0	1.0	1.0	1.0	1.0	1.0	1.0	1.0	1.0	1.0	1.0	1.0	1.0	1.0	1.0	1.0	1.0	1.0	1.0	1.0	1.0	1.0	1.0	1.0	1.0	1.0	1.0	1.0
PWY-7222	0.0	0.0	0.0	0.0	0.0	0.0	0.0	0.0	0.0	0.0	0.0	0.0	0.0	0.0	0.0	0.0	0.0	0.0	0.0	0.0	0.0	0.0	0.0	6.839999999999844e-14	0.0	0.0	2.0999999999999986e-15	0.0	0.0	0.0	0.0	0.0	0.0
PWY-7228	0.0	0.0	0.0	0.0	0.0	0.0	0.0	0.0	0.0	0.0	0.0	0.0	0.0	0.0	0.0	0.0	0.0	0.0	0.0	0.0	0.0	0.0	0.0	1.3679999999998754e-13	0.0	0.0	4.1999999999999886e-15	0.0	0.0	0.0	0.0	0.0	0.0
PWY-7229	0.0	0.0	0.0	0.0	0.0	0.0	0.0	0.0	0.0	0.0	0.0	0.0	0.0	0.0	0.0	0.0	0.0	0.0	0.0	0.0	0.0	0.0	0.0	2.735999999999376e-13	0.0	0.0	8.399999999999941e-15	0.0	0.0	0.0	0.0	0.0	0.0
PWY-7242	0.0	0.0	0.0	0.0	0.0	0.0	0.0	0.0	1.0	0.0	0.0	0.0	1.3725999999990581e-12	0.0	0.0	0.0	0.0	0.0	0.0	0.0	0.0	0.0	1.0	0.0	0.0	0.0	0.0	0.0	0.0	0.0	0.0	0.0	1.0
PWY-7315	1.0	1.0	1.0	1.0	1.0	1.0	1.0	1.0	0.019799932323766856	1.0	1.0	1.0	1.0	1.0	1.0	1.0	1.0	1.0	1.0	1.0	1.0	1.0	0.0	0.9999999999999996	1.0	1.0	1.0	1.0	1.0	1.0	1.0	1.0	3.674959999932473e-11
PWY-7323	1.5552931085084357e-05	4.279836854089082e-05	1.2647746581531094e-06	0.9510678700755103	0.1157168397082203	0.9999999991955395	0.2653318232953581	0.9895310937015876	0.0	0.0	1.1399999999999914e-14	0.6895041208337346	0.9854590907015991	0.0	0.9999999999950662	0.9999999999326213	0.8873580655857398	0.9999999975405279	0.0	0.0	0.0	0.0	0.0	0.0	0.9999999999999117	0.9290904901267988	0.0	1.9160399999755255e-11	0.9999999999882624	0.008214136233141621	0.32676371851881053	0.999997736072156	0.0
PWY-7400	0.0	0.0	0.0	0.0	0.0	0.0	0.0	0.0	0.0	0.0	0.0	0.0	0.0	0.0	0.0	0.0	0.0	0.0	1.0499999999999993e-15	0.9999999999429021	0.9999999998919242	1.0	0.0	0.0	0.0	0.0	0.0	0.0	0.0	0.0	0.0	0.0	0.0
PWY-7663	1.0	1.0	1.0	1.0	1.0	1.0	1.0	1.0	1.0	1.0	1.0	1.0	1.0	1.0	1.0	1.0	1.0	1.0	1.0	1.0	1.0	1.0	1.0	1.0	1.0	1.0	1.0	1.0	1.0	1.0	1.0	1.0	1.0
PWY-7664	0.00010680948796582069	0.0029280853161644973	0.778776557065791	0.7788406003564685	2.2944914996239506e-10	0.00010229782482041158	0.7788061061659488	0.8813187652273168	1.0	0.0	0.7787457272237441	1.0849999999999916e-14	1.0	0.0	0.7787248725927388	3.5e-16	0.8610502399208009	2.26146827016643e-06	0.0	0.0	0.0	0.0	1.7673554477688962e-09	0.0	1.0849999999999916e-14	0.3086785822136031	0.0	0.0	0.0	0.0	0.0	1.0	0.9999999989221935
PWY-841	0.0	0.0	0.0	0.0	0.0	0.0	0.0	0.0	0.0	0.0	0.0	0.0	0.0	0.0	0.0	0.0	0.0	0.0	0.0	0.0	0.0	0.0	0.0	2.5079999999994856e-13	0.0	0.0	7.699999999999952e-15	0.0	0.0	0.0	0.0	0.0	0.0
PWY0-1061	4.5768508002621805e-08	0.002776882981282403	0.0	0.0	0.24113898207313156	4.424947729599185e-08	4.199948091180218e-09	0.0	3.042824999288612e-10	0.06667434846982706	2.7960299999608965e-11	0.00039426457685661127	0.0	4.6751995321927945e-05	0.0	0.0	0.0	2.699999999999996e-15	4.107959999915623e-11	0.0	0.0	0.0	0.0	0.003464240629525933	1.0499999999999946e-14	0.0	0.2690336042024321	5.852129999828762e-11	4.4999999999999895e-15	0.0	0.0	0.0	0.00023738354300308588
PWY0-1319	1.0	1.0	1.0	1.0	1.0	1.0	1.0	1.0	1.0	1.0	1.0	1.0	0.9999999999993903	1.0	1.0	1.0	1.0	1.0	1.0	1.0	1.0	1.0	1.0	0.9999999999026594	1.0	0.9999999990268846	1.0	0.999999999313121	1.0	1.0	1.0	0.9969996002791071	1.0
PWY0-1586	1.0	1.0	1.0	1.0	1.0	1.0	1.0	1.0	1.0	1.0	1.0	1.0	1.0	1.0	1.0	1.0	1.0	1.0	1.0	1.0	1.0	1.0	1.0	1.0	1.0	1.0	1.0	1.0	1.0	1.0	1.0	1.0	1.0
PWY0-162	0.0	0.0	0.0	0.0	0.0	0.0	0.0	0.0	0.0	0.0	0.0	0.0	0.0	0.0	0.0	0.0	0.0	0.0	0.0	0.0	0.0	0.0	0.0	2.0519999999996726e-13	0.0	0.0	6.299999999999969e-15	0.0	0.0	0.0	0.0	0.0	0.0
PWY0-862	9.155238663692328e-05	0.002510837691994884	0.7510836711228794	0.7511531696819366	1.9667069997421375e-10	8.768513127438113e-05	0.7511157370656835	0.8642242320636848	1.0	0.0	0.7510502156757783	9.299999999999942e-15	1.0	0.0	0.7510275851606087	3e-16	0.8415611206204355	1.9384020006618855e-06	0.0	0.0	0.0	0.0	1.5148760984701003e-09	0.0	9.299999999999942e-15	0.2767871064089932	0.0	0.0	0.0	0.0	0.0	1.0	0.9999999987425591
PWY4FS-7	0.0	0.0	0.0	0.0	0.0	0.0	0.0	0.0	0.0	0.0	0.0	0.0	0.0	0.0	0.0	0.0	0.0	0.0	0.0	0.44621756982658634	0.5788583729099892	0.9797771491277253	0.0	0.0	0.0	0.0	0.0	0.0	0.0	0.0	0.0	0.0	0.0
PWY4FS-8	0.0	0.0	0.0	0.0	0.0	0.0	0.0	0.0	0.0	0.0	0.0	0.0	0.0	0.0	0.0	0.0	0.0	0.0	0.0	0.44621756982658634	0.5788583729099892	0.9797771491277253	0.0	0.0	0.0	0.0	0.0	0.0	0.0	0.0	0.0	0.0	0.0
PWYG-321	0.00011097043479453932	0.003041819547684466	0.7852912382444348	0.7853539153726503	2.38388727237209e-10	0.00010628303075408279	0.7853201570450676	0.8852586498394222	0.0	0.0	0.785261065951996	1.1272727272727193e-14	1.0	0.0	0.7852406560759351	3.6363636363636364e-16	0.8655603424929307	2.3495772165291494e-06	0.0	0.0	0.0	0.0	0.0	0.0	1.1272727272727193e-14	0.3168939153709324	0.0	0.0	0.0	0.0	0.0	1.0	0.0
PYRIDNUCSYN-PWY	4.1072412785315965e-07	0.023733469935931988	1.6019561351241374e-13	0.0	0.017766161905213268	1.855947550096844e-07	5.3386483954678226e-06	0.0	0.0	0.19125485825998229	4.499861362617199e-16	5.35827889727201e-06	0.0	8.823320424290702e-08	1.9108765134818263e-13	3.332426180432712e-16	0.0	3.622814416414582e-11	1.2648591779021861e-05	0.0	0.0	0.0	0.0	4.999830939585578e-10	1.776823338012825e-14	9.206064930769955e-15	0.0465790692176652	0.0	5.9399704769516994e-09	1.6338471395893917e-10	2.553695048388671e-12	0.0	0.0
RIBOSYN2-PWY	1.2821707438791776e-05	0.2524873045678251	6.275571428555675e-12	3.020406091370522e-14	0.1224638466185412	7.22349078973618e-05	0.0001712758917825793	0.0	0.0	0.45677726152344184	3.788571428570854e-13	0.09717986552902218	0.0	2.169349204595297e-05	1.5352227742458333e-08	1.413614196088412e-08	0.0	8.787385795209017e-08	0.00061286379968019	0.0	3.3103305097557664e-10	0.0	0.0	2.9260940462235888e-06	5.7917142855801104e-11	7.073775510095748e-12	0.038335990004635424	5.763264221158825e-14	5.780838071110921e-06	1.8462616811070764e-06	3.892928571367952e-11	0.0	0.0
SALVADEHYPOX-PWY	0.0	0.0	0.0	0.0	0.0	0.0	0.0	0.0	1.0	0.0	0.0	0.0	0.0	0.0	0.0	0.0	0.0	0.0	0.0	0.0	0.0	0.0	1.0	0.0	0.0	0.0	0.0	0.0	0.0	0.0	0.0	0.0	1.0
SER-GLYSYN-PWY	0.0	0.0	0.0	0.0	0.0	0.0	0.0	0.0	0.9995867894930727	0.0	0.0	0.0	0.0	0.0	0.0	0.0	0.0	0.0	0.0	0.0	0.0	0.0	0.9999628390026626	0.0	0.0	0.0	0.0	0.0	0.0	0.0	0.0	0.0	0.9999996361363556
SO4ASSIM-PWY	1.0	1.0	1.0	1.0	1.0	1.0	1.0	0.9999999999988494	0.0	0.9999999999999962	1.0	1.0	0.0	1.0	1.0	1.0	1.0	1.0	1.0	0.045155035038304106	0.7892365533789537	0.8111837266272126	0.0	1.0	1.0	1.0	0.9999999999999991	0.9999999999999933	1.0	1.0	1.0	0.49112511121819497	0.0
TCA	0.1375773086590556	0.22179013695025143	0.0	0.0	0.4214009511349851	1.3558408212230227e-06	3.1252576891040274e-05	0.0	0.0	0.013617458533695975	0.46658580009929224	0.9969001520914356	0.0	0.9826869525626952	4.1999999999969623e-14	8.646887993066869e-10	0.0	7.428059335767872e-06	0.023489855234178958	0.31155063593007487	0.8580704275873462	0.7865740537250608	0.0	0.9818516676118066	2.393192988799068e-08	0.0	0.8571807283855852	0.9891279167151985	0.9999974695344084	0.8577838715005528	0.0005674829570730306	0.0	2.8172882875017526e-10
THRESYN-PWY	0.0	0.0	0.0	0.0	0.0	0.0	0.0	0.0	0.9960453977459144	0.0	0.0	0.0	0.0	0.0	0.0	0.0	0.0	0.0	0.0	0.0	0.0	0.0	0.9999650154448665	0.0	0.0	0.0	0.0	0.0	0.0	0.0	0.0	0.0	0.9990772159690992
TRNA-CHARGING-PWY	0.9378508222566405	0.9989925386602443	0.006562209365092874	0.00017215857856311617	0.9994583915156121	0.946364374236736	0.9287968889042174	4.768399999978397e-12	0.4257780301406134	0.9999990856915798	0.8696604277749526	0.9844993019571399	0.0	0.7166625577746693	0.3719783142917606	0.8865811387128537	1.886184999671415e-10	0.429284182010391	0.97281566695781	3.1056655496512227e-06	0.39064661728781863	0.003122529703746331	0.14333543992538475	0.7164949140630932	5.643032323731838e-05	5.659144710820212e-05	0.9947958924086249	0.10163879252245055	0.7915957844787763	0.17368912339226428	0.0012199650876976364	0.0	0.2793374925653556
TRPSYN-PWY	0.672306172210701	0.48479618290163434	1.0159999999993807e-12	4.4068563584776994e-08	0.6034390415425978	0.3246932857205864	0.030642065873578647	0.0	0.0	0.014076858702635982	0.001138289500546251	0.960723490339506	0.0	0.9983490673697089	0.3395464953248101	0.7154353518561987	0.0	0.813410766923141	0.6139890239818372	0.9988876287928521	0.9996946826873587	0.9999830038748533	0.0	0.9505780685420325	0.5157369017801072	0.4213685513972423	0.4532651749881874	0.9859528388602822	0.9869869130760115	0.9315355708058788	0.9069792660201244	0.002042771428050791	0.0
VALSYN-PWY	1.0	1.0	0.9999977155603885	0.9999992594965806	1.0	1.0	1.0	0.9449279190479549	0.8746435263185953	1.0	0.9998457663908308	0.9999999999999911	0.6887716400269538	0.9999999999999432	0.9999999999984908	1.0	0.9502230674672625	0.9999999999999993	1.0	0.9999999999910303	1.0	1.0	0.9826231378441787	0.999995241323895	0.9999972316598856	0.9994827625312849	0.9999999684480639	0.9999990264792854	0.9999999999999387	0.999999999195591	0.9999999999997142	0.8468835471587147	0.9570731119206402
