Sample name,Internal sample name,Suffix,Taxonomy (GTDB-tk),Community,NS1,NS6,S2,S5,Source sample ID
T1D_S_3_5_FAA(EtOH)_AN,S_S5_Rf_112,112,Agathobacter faecis,S5,,,,X,T1D_S_3
T1D_NS_6_137_NB_AN,S_NS6_Am_029,029,Akkermansia massiliensis,NS6,,X,,,T1D_NS_6
G37020_FAA_68_AN,S_NS1_Am_001,001,Akkermansia muciniphila,NS1,X,,,,T1D_NS_1
T1D_S_2_8_FMU_AN,S_S2_Am_061,061,Akkermansia muciniphila,S2,,,X,,T1D_S_2
T1D_S_3_3_FMU_AN,S_S5_Am_089,089,Akkermansia muciniphila,S5,,,,X,T1D_S_3
G37020_27_GC_AN,S_NS1_Af_002,002,Alistipes finegoldii,NS1,X,,,,T1D_NS_1
T1D_NS_6_90_TSA_AN,S_NS6_Af_030,030,Alistipes finegoldii,NS6,,X,,,T1D_NS_6
T1D_S_2_2_GC_AN,S_S2_Af_119,119,Alistipes finegoldii,S2,,,X,,T1D_S_2
T1D_S_5_15_FMU_AN,S_S5_Af_090,090,Alistipes finegoldii,S5,,,,X,T1D_S_5
T1D_S_5_81_SKV_AN,S_S5_Af_091,091,Alistipes finegoldii,S5,,,,X,T1D_S_5
G37020C_FAA_21_AN,S_NS1_Ao_003,003,Alistipes onderdonkii,NS1,X,,,,T1D_NS_1
T1D_NS_6_124_FAA_AN,S_NS6_Ao_031,031,Alistipes onderdonkii,NS6,,X,,,T1D_NS_6
T1D_S_2_3_GCNB_AN,S_S2_Cc_069,069,Alitiscatomonas sp900066535,S2,,,X,,T1D_S_2
T1D_S_2_2_Pec_AER,S_S2_Bs_063,063,Bacillus subtilis,S2,,,X,,T1D_S_2
G37020_1_CNA_AN,S_NS1_Bs_004,004,Bacteroides stercoris,NS1,X,,,,T1D_NS_1
T1D_NS_6_101_BHI_AN,S_NS6_Bs_032,032,Bacteroides stercoris,NS6,,X,,,T1D_NS_6
T1D_NS_6_101_PEC_AN,S_NS6_Bs_033,033,Bacteroides stercoris,NS6,,X,,,T1D_NS_6
G37020_19_TSA_AN,S_NS1_Bt_005,005,Bacteroides thetaiotaomicron,NS1,X,,,,T1D_NS_1
G37020C_GAM_15_AN,S_NS1_Bu_006,006,Bacteroides uniformis,NS1,X,,,,T1D_NS_1
T1D_NS_6_100_SKV_AN,S_NS6_Bu_034,034,Bacteroides uniformis,NS6,,X,,,T1D_NS_6
T1D_NS_6_34_NA_AN,S_NS6_Bu_036,036,Bacteroides uniformis,NS6,,X,,,T1D_NS_6
T1D_NS_6_127_TSA_AN,S_NS6_Bx_038,038,Bacteroides xylanisolvens,NS6,,X,,,T1D_NS_6
T1D_NS_0_1_MB__AN,S_NS6_Ba_039,039,Bifidobacterium adolescentis,NS6,,X,,,T1D_NS_0
T1D_S_3_4_CNA_AN,S_S2_Bd_066,066,Bifidobacterium dentium,S2,,,X,,T1D_S_3
G37020_NB_15_AN,S_NS1_Ba_008,008,Bifidobacterium longum,NS1,X,,,,T1D_NS_1
G37020_NB_3_AN,S_NS1_Blss_009,009,Bifidobacterium longum,NS1,X,,,,T1D_NS_1
T1D_NS_4_1_FAA-NB_AN,S_NS6_Blss_040,040,Bifidobacterium longum,NS6,,X,,,T1D_NS_0
T1D_S_2_6_TSA_AN,S_S2_Blss_067,067,Bifidobacterium longum,S2,,,X,,T1D_S_2
T1D_S_5_14_FCC_AN,S_S5_Blss_094,094,Bifidobacterium longum,S5,,,,X,T1D_S_5
G37020_36_MRS_AN,S_NS1_Bp_010,010,Bifidobacterium pseudocatenulatum,NS1,X,,,,T1D_NS_1
T1D_S_5_12_FMU_AN,S_S5_Bp_095,095,Bifidobacterium pseudocatenulatum,S5,,,,X,T1D_S_5
T1D_S_5_70_FAA(EtOH)_AN,S_S5_Lp_109,109,CHH4-2 sp018378255,S5,,,,X,T1D_S_5
T1D_NS_0_6_TSA_AN,S_NS1_Ca_028,028,Collinsella sp902362275,"NS1, NS6",X,X,,,T1D_NS_0
T1D_S_3_1_FMU_AN,S_S2_Ca_088,088,Collinsella sp902472315,"S2, S5",,,X,X,T1D_S_3
T1D_S_5_61_ACE_AER,S_S5_Bg_092,092,Cytobacillus undefined,S5,,,,X,T1D_S_5
G37020_43_CNA_AN,S_NS1_El_014,014,Eggerthella lenta,NS1,X,,,,T1D_NS_1
T1D_NS_6_16_MRS_AN,S_NS6_El_044,044,Eggerthella lenta,NS6,,X,,,T1D_NS_6
T1D_NS_6_6_FAA_AN,S_NS6_El_045,045,Eggerthella lenta,NS6,,X,,,T1D_NS_6
T1D_S_2_1_FAA_AN,S_S2_El_072,072,Eggerthella lenta,S2,,,X,,T1D_S_2
T1D_S_2_2_YPD_AN,S_S2_El_073,073,Eggerthella lenta,S2,,,X,,T1D_S_2
T1D_S_5_18_GAM_AN,S_S5_El_100,100,Eggerthella lenta,S5,,,,X,T1D_S_5
T1D_NS_6_104_NB_AN,S_NS6_Em_046,046,Eisenbergiella porci,NS6,,X,,,T1D_NS_6
T1D_NS_6_105_FMU_AN,S_NS6_Em_047,047,Eisenbergiella porci,NS6,,X,,,T1D_NS_6
T1D_S_5_61_MRS_AN,S_S5_Em_101,101,Eisenbergiella porci,S5,,,,X,T1D_S_5
G37020C_EtOH_29_AN,S_NS1_Et_015,015,Eisenbergiella tayi,NS1,X,,,,T1D_NS_1
T1D_NS_6_101_FMU_AN,S_NS6_Et_048,048,Eisenbergiella tayi,NS6,,X,,,T1D_NS_6
T1D_S_2_2_GAM_AN,S_S2_Et_074,074,Eisenbergiella tayi,S2,,,X,,T1D_S_2
T1D_S_2_4_FMU_AN,S_S2_Et_075,075,Eisenbergiella tayi,S2,,,X,,T1D_S_2
T1D_S_5_61_FAA_AN,S_S5_Et_102,102,Eisenbergiella tayi,S5,,,,X,T1D_S_5
T1D_S_5_9_PEC_AN,S_S5_Dg_099,099,Enterocloster alcoholdehydrogenati,S5,,,,X,T1D_S_5
G37020C_EtOH_30_AN,S_NS1_Cb_011,011,Enterocloster bolteae,NS1,X,,,,T1D_NS_1
T1D_NS_6_103_FAA(EtOH)_AN,S_NS6_Cb_041,041,Enterocloster bolteae,NS6,,X,,,T1D_NS_6
T1D_S_2_1_GAM_AN,S_S2_Cb_068,068,Enterocloster bolteae,S2,,,X,,T1D_S_2
T1D_S_5_17_FMU_AN,S_S5_Cb_096,096,Enterocloster bolteae,S5,,,,X,T1D_S_5
G37020C_EtOH_1_AN,S_NS1_Cc_012,012,Enterocloster citroniae,NS1,X,,,,T1D_NS_1
T1D_S_5_52_CNA_AN,S_S5_Cc_097,097,Enterocloster citroniae,S5,,,,X,T1D_S_5
T1D_S_2_5_FAA(EtOH)_AN,S_S2_Cc_070,070,Enterocloster clostridioformis,S2,,,X,,T1D_S_2
T1D_S_5_72_TSA_AN,S_S5_Cc_098,098,Enterocloster clostridioformis,S5,,,,X,T1D_S_5
T1D_NS_6_104_FAA(EtOH)_AN,S_NS6_Cb_042,042,Enterocloster sp005845215,NS6,,X,,,T1D_NS_6
T1D_NS_6_5_NA__AER,S_NS6_Ef_049,049,Enterococcus faecalis,NS6,,X,,,T1D_NS_6
T1D_NS_6_8_GAM__AER,S_NS6_Ef_050,050,Enterococcus faecalis,NS6,,X,,,T1D_NS_6
T1D_S_2_1_CNA_AER,S_S2_Ea_076,076,Enterococcus_A avium,S2,,,X,,T1D_S_2
T1D_S_2_6_Pec_AN,S_S2_Ea_077,077,Enterococcus_A avium,S2,,,X,,T1D_S_2
T1D_S_5_63_PEC_AN,S_S5_Ea_103,103,Enterococcus_A avium,S5,,,,X,T1D_S_5
G37020C_YPD_16_AN,S_NS1_Eh_016,016,Enterococcus_B durans,NS1,X,,,,T1D_NS_1
G37020C_MRS_12_AN,S_NS1_Em_017,017,Escherichia coli,NS1,X,,,,T1D_NS_1
G37020C_YPD_10_AN,S_NS1_Em_018,018,Escherichia coli,NS1,X,,,,T1D_NS_1
T1D_NS_6_5_GAM__AER,S_NS6_Ef_051,051,Escherichia coli,NS6,,X,,,T1D_NS_6
T1D_S_2_2_YPD_AER,S_S2_Ef_078,078,Escherichia coli,S2,,,X,,T1D_S_2
T1D_S_5_1_FAA_AN,S_S5_Ef_104,104,Escherichia coli,S5,,,,X,T1D_S_5
T1D_S_2_2_FAA-NB_AN,S_S2_Fp_079,079,Faecalibacterium longum,S2,,,X,,T1D_S_2
T1D_S_3_3_CNA_AN,S_S5_Fp_105,105,Faecalibacterium longum,S5,,,,X,T1D_S_3
G37020_12_EtOH_AN,S_NS1_Fp_019,019,Flavonifractor plautii,NS1,X,,,,T1D_NS_1
G37020_23_EtOH_AN,S_NS1_Fp_020,020,Flavonifractor plautii,NS1,X,,,,T1D_NS_1
T1D_NS_6_20_GAM_AN,S_NS6_Fp_052,052,Flavonifractor plautii,NS6,,X,,,T1D_NS_6
T1D_S_2_7_TSA_AN,S_S2_Fp_080,080,Flavonifractor plautii,S2,,,X,,T1D_S_2
T1D_S_5_1_CNA_AN,S_S5_Fp_106,106,Flavonifractor plautii,S5,,,,X,T1D_S_5
T1D_S_2_4_CNA_AN,S_S2_Hf_081,081,Holdemania filiformis,S2,,,X,,T1D_S_2
T1D_S_5_41_BHI_AN,S_S5_Hf_107,107,Holdemania filiformis,S5,,,,X,T1D_S_5
T1D_NS_0_9_FAA_AN,S_NS1_He_021,021,Hungatella effluvii,NS1,X,,,,T1D_NS_0
T1D_NS_6_44_BHI_AN,S_NS6_He_053,053,Hungatella effluvii,NS6,,X,,,T1D_NS_6
T1D_S_2_1_MRS_AN,S_S2_He_082,082,Hungatella effluvii,S2,,,X,,T1D_S_2
T1D_S_2_5_MRS_AN,S_S2_Rf_084,084,Hungatella effluvii,S2,,,X,,T1D_S_2
T1D_S_5_6_FAA(EtOH)_AN,S_S5_He_108,108,Hungatella effluvii,S5,,,,X,T1D_S_5
T1D_NS_6_27_BHI_AN,S_NS6_Hh_054,054,Hungatella hathewayi,NS6,,X,,,T1D_NS_6
G37020_EtOH_49_AN,S_NS1_Ig_115,115,Instestinimonas_A celer,NS1,X,,,,T1D_NS_1
T1D_S_2_10_TSA__AN,S_S2_Cs_071,071,Otoolea symbiosa,S2,,,X,,T1D_S_2
G37020_NB_39_AN,S_NS1_Pd_022,022,Parabacteroides distasonis,NS1,X,,,,T1D_NS_1
T1D_NS_6_15_NB_AN,S_NS6_Pd_055,055,Parabacteroides distasonis,NS6,,X,,,T1D_NS_6
T1D_S_3_2_GC_AN,S_S2_Pd_083,083,Parabacteroides distasonis,S2,,,X,,T1D_S_3
T1D_S_5_12_TSA_AN,S_S5_Pd_110,110,Parabacteroides distasonis,S5,,,,X,T1D_S_5
T1D_S_5_36_SKV_AN,S_S5_Pd_111,111,Parabacteroides distasonis,S5,,,,X,T1D_S_5
G37020_41_FAA_AN,S_NS1_Pm_023,023,Parabacteroides merdae,NS1,X,,,,T1D_NS_1
T1D_NS_6_18_PEC_AN,S_NS6_Pm_056,056,Parabacteroides merdae,NS6,,X,,,T1D_NS_6
T1D_S_2_2_TSA_AN,S_S2_Bd_064,064,Phocaeicola dorei,S2,,,X,,T1D_S_2
G37020_32_TSA_AN,S_NS1_Bv_007,007,Phocaeicola vulgatus,NS1,X,,,,T1D_NS_1
T1D_NS_6_101_GAM_AN,S_NS6_Bv_037,037,Phocaeicola vulgatus,NS6,,X,,,T1D_NS_6
T1D_S_2_1_YPD_AN,S_S2_Bv_065,065,Phocaeicola vulgatus,S2,,,X,,T1D_S_2
T1D_S_5_11_FCC_AN,S_S5_Bv_093,093,Phocaeicola vulgatus,S5,,,,X,T1D_S_5
T1D_NS_6_148_TSA_AN,S_NS6_Pp_057,057,Pseudoflavonifractor_A sp022772585,NS6,,X,,,T1D_NS_6
T1D_S_2_5_MRS_AN,S_S2_Rf_118,118,Roseburia_C amylophila,S2,,,X,,T1D_S_2
T1D_S_3_2_FAA(EtOH)_AN,S_S2_Rg_085,085,Ruminococcus_B gnavus,S2,,,X,,T1D_S_3
T1D_S_5_11_FMU_AN,S_S5_Rg_113,113,Ruminococcus_B gnavus,S5,,,,X,T1D_S_5
G37020_NB_38_AN,S_NS1_Cp_013,013,Sarcina perfringens,NS1,X,,,,T1D_NS_1
T1D_NS_0_2_FAA_(EtOH)_AN,S_NS6_Cp_043,043,Sarcina perfringens,NS6,,X,,,T1D_NS_0
T1D_S_2 1 FMU AER,S_S2_Sc_086,086,Staphylococcus capitis,S2,,,X,,T1D_NS_6
T1D_S_5_36_BHI_AER,S_S5_Sc_120,120,Staphylococcus epidermidis,S5,,,,X,????
G37020_49_NB_AN,S_NS1_Shsn_025,025,Staphylococcus hominis,NS1,X,,,,T1D_NS_1
T1D_NS_6_158_CNA_AN,S_NS6_Sh_058,058,Staphylococcus hominis,NS6,,X,,,T1D_NS_6
T1D_S_2_1_YPD_AER,S_S2_Shsn_087,087,Staphylococcus hominis,S2,,,X,,T1D_S_2
G37020_FAA_3_AER,S_NS1_Ss_026,026,Streptococcus sp001556435,NS1,X,,,,T1D_NS_1
T1D_NS_0_5_CNA_AER,S_NS6_Ss_059,059,Streptococcus sp001556435,NS6,,X,,,T1D_NS_0
G37020C_Pec_17_AN,S_NS1_Sw_027,027,Sutterella wadsworthensis,NS1,X,,,,T1D_NS_1
T1D_NS_6_13_MRS_AN,S_NS6_Sw_060,060,Sutterella wadsworthensis,NS6,,X,,,T1D_NS_6