pathway	Plate1_1002R_0_M_NS6_week10_S69_L001	Plate1_1002R_L_M_NS6_week10_S70_L001	Plate1_1075R_0_M_NS6_week9_S72_L001	Plate1_184R_0_F_NS6_week10_S65_L001	Plate1_184R_L_F_NS6_week10_S66_L001	Plate1_2403R_L_F_NS6_week10_S67_L001	Plate1_2506R_0_F_NS6_week10_S68_L001	Plate1_3894R_0_M_NS6_week10_S71_L001	Plate2_016R_0_F_NS6_week9_S79_L001	Plate2_1075R_L_M_NS6_week9_S84_L001	Plate2_1184R_0_M_NS6_week9_S85_L001	Plate2_1186R_0_M_NS6_week9_S86_L001	Plate2_1186R_RR_M_NS6_week9_S87_L001	Plate2_184R_0_M_NS6_week9_S88_L001	Plate2_2403R_0_F_NS6_week9_S80_L001	Plate2_2476R_R_F_NS6_week9_S81_L001	Plate2_2562R_0_F_NS6_week9_S82_L001	Plate2_2562R_RL_F_NS6_week9_S83_L001	Plate3_016R_0_F_NS6_week5_S1_L001	Plate3_016R_R_F_NS6_Pellet_week9_S2_L001	Plate3_1075R_RL_M_NS6_Pellet_week9_S3_L001	Plate4_016R_R_F_NS6_week5_S1_L001	Plate4_1075R_0_M_NS6_week5_S2_L001	Plate4_1075R_RL_M_NS6_week5_S3_L001	Plate4_1184R_0_M_NS6_week5_S4_L001	Plate4_1186R_0_M_NS6_week5_S5_L001	Plate4_1186R_RR_M_NS6_week5_S6_L001	Plate4_184R_0_M_NS6_week5_S7_L001	Plate4_2403R_0_F_NS6_week5_S8_L001	Plate4_2476R_R_F_NS6_week5_S9_L001	Plate4_2562R_0_F_NS6_week5_S10_L001	Plate4_2562R_RL_F_NS6_week5_S11_L001
1CMET2-PWY	0.28026000861412803	0.0	2.346147999528101e-10	2.5085990946059245e-09	0.0	0.0	6.999999999999959e-15	0.14342801636835809	0.6078872872956194	0.0	4.637886755413394e-08	1.318896095071175e-08	6.966007995823264e-10	0.15828713380234824	0.0	0.0	0.875611498674892	0.9650652166661876	0.1414226485345993	2.0999999999999963e-15	8.95999999999931e-14	4.848199999979193e-12	0.97542024799023	0.001191801577550211	0.5588349566299261	7.374856092148944e-06	0.001526075280528587	8.500214231175823e-05	0.2635676764805561	0.018633042045646312	0.8862310447615535	0.013474390923413095
ANAGLYCOLYSIS-PWY	0.3927216756332822	0.9580475955569427	0.0	0.7611278965769152	3.922249937537974e-09	0.8732888122262943	0.9999709799724313	0.0	0.17097376748195528	0.00024475711496270636	1.841390927914772e-08	0.25175486399997465	0.26124056976866233	0.0	0.999759515375108	0.9937842146023182	0.9498052258676466	0.08502880524890223	0.07200611303904142	0.41426834930167533	9.367837170298044e-06	0.029956970987490738	2.434797895389146e-09	0.00014552767589152258	8.494480463784621e-08	0.9607575131395362	0.6671956849708195	0.029124071938963277	0.026767576364549003	5.957999999997166e-13	6.434664717796181e-09	0.0
BIOTIN-BIOSYNTHESIS-PWY	0.0	0.0	0.0	0.0	0.0	0.0	0.0	0.0	0.0	0.0	0.0	0.0	0.0	0.0	0.0	0.0	0.0	4.199999999884251e-15	6.859999999993127e-13	0.0	0.0	0.0	0.0	0.0	0.0	0.0	0.0	0.0	6.113839384746202e-06	0.0	0.0	0.0
BRANCHED-CHAIN-AA-SYN-PWY	0.5873732841292958	0.9326240822418699	0.860336535884192	0.9972399245927828	0.7143242937869917	0.9311621125131707	0.3562695078990639	0.7105661747937526	0.9591215096371591	0.8676762810446772	0.7259367918326776	0.7420977508371926	0.7271934067305582	0.7079771077945982	0.12815744106303253	0.6480630420197231	0.8513455271060885	0.9811991439854034	0.5954522471456088	0.9920836248692569	0.9439479583683686	0.8855726058045289	0.8771031716495935	0.9450815344571002	0.9202687219131247	0.8241059118634612	0.7639740173309615	0.9257607321960281	0.6542806112534844	0.6193876629778307	0.833035227436959	0.7740060704449471
CALVIN-PWY	0.0	0.0	0.0	0.0	0.0	0.0	0.0	0.0	0.0	0.0	0.0	0.0	0.0	0.0	0.0	0.0	0.0	0.0	0.0	0.0	0.0	0.0	0.0	0.0	0.0	0.0	0.0	0.0	0.0	0.0	0.0	3.059999999999953e-14
COA-PWY	1.7254103979644645e-09	4.475008543793628e-06	0.0	0.5054638235819844	7.373663996244455e-10	4.53950348113687e-05	0.6687160112578797	0.0	6.099999999999807e-14	7.310205923803787e-05	4.140015588894641e-09	0.0	0.0	0.0	0.6345192507163006	0.00014187732030523502	3.621040734399978e-08	0.024289383377201035	1.4677086224394443e-05	0.07667384597911861	2.0309281711419895e-06	0.035905607219265834	1.4377619998956385e-10	0.00014674086008698112	8.623708405439945e-08	0.00045255971278479625	0.000481189556855638	0.017005891357150894	0.0024440638646019987	2e-16	3.599999999999994e-15	0.0
COBALSYN-PWY	0.0	2.8191999999973508e-12	0.0	0.005000633794548386	0.0	1.7867999999893573e-11	0.026742350043805485	0.0	0.0	8.519447158058158e-08	2e-16	0.0	0.0	0.0	0.09772683647491139	2.0805999999985567e-12	2.1999999999999983e-15	5.9120050066509827e-05	8.361121997669004e-10	9.19746411585459e-05	5.981693998807312e-10	0.00048419447598689906	0.0	1.325479030810351e-08	4.0217999999946085e-12	3.0705823999695966e-06	1.95762121163816e-06	3.267718173926548e-05	0.00012273834657679293	0.0	0.0	0.0
DAPLYSINESYN-PWY	0.0	0.0	0.0	0.0	0.0	0.0	0.0	0.00396962165773767	0.0	0.0	0.0	0.0	0.0	4.009499999998548e-13	0.0	0.0	0.0	0.0	0.0	0.0	0.0	0.0	5.595886623632748e-05	0.0	9.584999999999273e-14	0.0	0.0	0.0	0.0	0.0	0.0	0.0
DTDPRHAMSYN-PWY	1.0	1.0	1.0	1.0	1.0	1.0	1.0	1.0	1.0	1.0	1.0	1.0	1.0	1.0	0.9999999999999993	1.0	1.0	1.0	1.0	1.0	0.9999999992892383	1.0	1.0	1.0	1.0	1.0	1.0	1.0	1.0	1.0	1.0	1.0
FASYN-ELONG-PWY	0.9999990439897362	0.0	0.07964102327894006	0.0	0.0	0.0	0.0	0.2038827582117639	0.0	0.0	0.0	0.0	0.0	0.26102327730896097	0.0	0.0	5.2795999999790945e-12	8.709019530902534e-05	0.9995640057285309	0.0	0.0	3.59999999999999e-15	0.0	0.0	0.0	0.0	0.0	0.0	0.9999999999999125	0.9999999999999865	0.0	1.1792568695701491e-08
FASYN-INITIAL-PWY	0.00026233204415709307	0.0	5.5437499996974305e-12	0.0	0.0	0.0	0.0	0.13797465331528994	0.0	0.0	0.0	0.0	0.0	0.1808409332154123	0.0	0.0	1.4996591425541574e-15	5.411949634580188e-05	1.9499999999999772e-14	0.0	0.0	0.0	0.0	0.0	0.0	0.0	0.0	0.0	0.4642617922589039	0.1311408227036531	0.0	7.370355411221538e-09
GALACT-GLUCUROCAT-PWY	0.0	0.0	0.0	0.0	0.0	0.0	0.0	0.9932000678099677	0.0	0.0	0.0	0.0	0.0	0.8553362207605364	0.0	0.0	0.0	0.0	0.0	0.0	0.0	0.0	1.3132431488492946e-11	4.44155844155832e-16	0.0	0.0	0.0	0.0	5.8499999999990794e-15	1.4732999761687432e-12	0.0	1.9924199999561674e-11
GALACTUROCAT-PWY	0.00021309982124972617	0.0	0.9999999967668796	0.0	0.3931762587725542	0.08557951947304179	0.0	0.9996855806095116	0.6451480680685329	0.8589186778430877	0.9996037781056323	0.9999999999999531	1.0	1.0	0.0	0.5237197201283585	6.584635813689942e-06	0.004287471025625277	1.8906774997855201e-10	0.524407089986747	0.9999688967895534	0.006744636057812674	9.664099999439631e-11	0.004520487799577662	6.837999999971945e-12	3.840999999991148e-12	0.00014508763510829133	0.0	0.040305051762023064	0.9999252571762921	8.722038568060204e-07	0.7105874704499436
GLUCOSE1PMETAB-PWY	1.0	1.0	1.0	0.9999844235648109	1.0	1.0	0.99999995927392	1.0	0.9999999999999942	1.0	1.0	1.0	1.0	1.0	1.0	1.0	1.0	1.0	1.0	1.0	1.0	1.0	1.0	1.0	1.0	1.0	1.0	1.0	1.0	1.0	1.0	1.0
GLUCUROCAT-PWY	0.0	0.0	0.0	0.0	0.0	0.0	0.0	1.0	0.0	0.0	0.0	0.0	0.0	1.0	0.0	0.0	0.0	0.0	0.0	0.0	0.0	0.0	4.269284379872671e-06	1.1399999999999914e-14	1.0701509999236516e-10	0.0	0.0	0.0	0.01681483963386065	3.0362096185403448e-05	0.0	0.6098437826173696
GLUTORN-PWY	0.0	0.0	0.0	0.0008719338904369402	0.0	0.0	0.14629633281661042	0.0	0.0	0.0	7.30174999994732e-12	0.0	0.0	8.624999999992571e-13	0.0	0.0	0.0	0.0	0.0001673207558291994	0.0	0.0	0.0	0.0	0.0	0.09856354899159504	0.0	0.0	2.024478116980763e-08	0.0	0.0	0.0	4.999999999999998e-16
GLYCOCAT-PWY	0.99992536660133	0.9999999992319546	0.4303903258317225	0.9999937276648764	0.28942469035458274	0.9999999998907225	1.0	4.979938704015092e-07	0.9999999725898546	0.7414983969541684	0.3348165884732869	0.9999971511799869	0.9999573644634288	0.003907536061967912	1.0	1.0	0.9999999999999896	0.9867626536505205	0.9634424366977528	0.9999509670022442	0.7743213933253791	0.767177977431278	0.3804961109002109	0.780031296422377	0.5074081242984495	0.9999999962348469	0.9999439851567353	0.999106435629155	0.6743091068515359	9.164081165829748e-05	0.9168197550402468	5.1646158825796e-06
GLYCOGENSYNTH-PWY	0.0	0.0	0.0	0.0	0.0	0.0	0.0	0.0	0.0	0.0	0.0	0.0	0.0	0.0	0.0	0.0	0.0	0.0	0.0	0.0	0.0	0.0	5.992597162245513e-15	0.0	0.0	0.0	0.0	0.0	0.0	0.0	7.427537113019428e-13	0.0
HISTSYN-PWY	0.3572688257022851	0.8177218168303388	0.6759232105048035	0.9904271795112234	0.6226532199062538	0.9014439043249505	0.12724139581525698	0.6178933637975069	0.9277636599727136	0.8011191777156701	0.5921701303543013	0.5846753150748454	0.59008027780145	0.5846041733249551	0.03622925410492909	0.3367196029558001	0.6251765308808737	0.9643786521419521	0.3984819897683963	0.9823467858006536	0.9158920916428267	0.7585735142317173	0.5853045516424182	0.8325715086094234	0.7559795129749001	0.5852463016488095	0.502970342423242	0.7360997488078566	0.5432679130712924	0.4640029010822033	0.5330291060132704	0.6518734765242253
ILEUSYN-PWY	0.7312672632210242	0.9807498312909662	0.9679461051128163	0.9999137745671886	0.723875205652808	0.937065762864317	0.9999999111910703	0.7294064749474999	0.9648648943638195	0.8776908146887467	0.7716872978510844	0.8099139115150485	0.7729638622074892	0.7423728186494183	0.9999982041420076	0.9976850754027747	0.9993850469445218	0.9844595454578954	0.6681099286599834	0.9959614785467854	0.9469565139216425	0.9251684151506568	0.9903853625184954	0.9740863081098048	0.942421175592764	0.9961719035509617	0.9651811514775059	0.9980724211662376	0.6718949651902392	0.6683554471104862	0.9967708950622982	0.7861861646574226
NONOXIPENT-PWY	0.9999999991557134	0.9999999999865075	0.9999999997831701	1.0	1.0	0.9999999999999993	1.0	1.0	1.0	0.9999999999999383	0.9999999999999993	1.0	1.0	1.0	1.0	0.9999999993947224	0.9999999762447375	0.9999999999996909	0.9999992405068623	0.999999999999454	1.0	0.9999972983416209	0.9999999999980893	0.9999999999989735	0.9999999992893103	0.9999997339344473	0.9999999893203463	0.99999999422556	0.999999999935369	0.9996308145324589	0.999999592545943	0.9999988619734138
P108-PWY	0.7243625133133972	0.9591087441688866	0.16057208955759028	0.9999999893625532	7.742262638822553e-07	0.9925376330588642	0.0017181156956853376	0.9999999938022874	0.9999985515395196	0.9999219528607675	0.9999344741740874	0.8859563640776045	0.9999998928198423	0.3146286096894868	0.40744799436431606	0.5728897959375133	0.004625957869906093	0.8164915759803866	0.00811361585476784	0.9984898052028752	0.9999999770674789	0.5560127130317303	0.8940664555171626	0.9416377793753522	0.14459694577162233	0.00194935277779636	0.7513894870199496	0.7649131312163652	0.999652108478475	0.06419436946192256	0.0003010911432961028	0.142910558487002
P42-PWY	1.0	1.0	1.0	1.0	1.0	1.0	1.0	1.0	1.0	1.0	1.0	1.0	1.0	1.0	1.0	1.0	1.0	1.0	1.0	1.0	1.0	1.0	1.0	1.0	1.0	1.0	1.0	1.0	1.0	1.0	1.0	1.0
PEPTIDOGLYCANSYN-PWY	0.0	0.0	0.0015652830238287632	0.0	1.156736868901268e-05	0.0	0.0	0.0003429222398293071	6.592849999648237e-11	0.028737768587828175	0.8934180837490258	3.706852320357128e-05	0.22790232417932457	0.3008868141808908	0.0	4.604774909712819e-06	0.0	0.0	0.0	6.029852208876025e-08	0.16943411684413884	0.0	0.038558536973752396	2.374109457520267e-06	9.499999999999928e-15	0.0	1.8347516457006278e-06	0.0	0.0	0.05577179534285202	0.009326260590422979	0.2900022549542002
PHOSLIPSYN-PWY	0.0	0.0	0.0	0.0009083427937835074	0.0	0.0	0.9985844974303945	0.0	0.0	0.0	0.0	0.0	0.0	0.0	0.0	0.0	0.0	0.0	2.3501344909013344e-09	0.0	0.0	0.0	0.0	0.0	3.0281584923071404e-09	0.0	0.0	0.00023100552526380256	0.0	0.0	9.219999918335414e-13	0.0
PWY-2942	0.8136743648644904	0.9871286371884092	0.9776325336872408	0.999935404593084	0.7768944445007536	0.9509883487988029	0.9999999616255791	0.7945138548808758	0.971709634207586	0.8994598070018224	0.7932104895042343	0.8340926425465895	0.8127701144907293	0.7676568475318616	0.9999990088138528	0.9985202543134816	0.9995802325634529	0.9873410556772827	0.7507261421989146	0.9966749546434296	0.9580628584367987	0.9477603076447101	0.9925727215225173	0.9829348274757709	0.9607625286236351	0.9977280066240248	0.9774644943459205	0.9985368245305296	0.7322143489357893	0.7323945290109757	0.9981217556580931	0.8145615936125329
PWY-3001	0.0	0.0	0.0	0.0	0.0	0.0	0.0	0.0	0.0	0.0	3.2998622245790004e-07	0.0	0.0	0.0	0.0	0.0	0.0	0.0	0.0	0.0	1.5849999999997893e-13	0.0	0.0	0.0	0.0	0.0	0.0	0.0	0.0	3.497999999986343e-12	0.0	1.263705116599811e-06
PWY-5097	0.9600910399755008	0.9962583584149436	0.9932213500283721	0.999987809861344	0.9058388239469558	0.9792091262736449	0.9999999999999998	0.9192214950098776	0.991775086099867	0.9552927205510517	0.8782625701886002	0.9321776741093828	0.9083772586706891	0.8910695530389627	0.9999998924051486	0.9997969774320689	0.9998951077128018	0.9960770512196583	0.9985098600585133	0.9989162500645045	0.9817832834719431	0.9979534978693642	0.998270075034049	0.9983090701719827	0.9998135323174583	0.9999866438423407	0.9977615301217464	0.999382353245342	0.935576138386159	0.9291120585217736	0.9999953114001111	0.9263984330706231
PWY-5100	0.0	0.0	0.9999857727622181	0.0	0.9916674881256264	0.0	6.146315712590863e-05	0.9999999999998961	0.41050211235834705	0.8084982698487124	0.9999999994761031	1.0	1.0	1.0	0.0031433937236303253	0.9973078728191547	1.0089770150982666e-07	0.0	0.0	5.716543183660567e-09	0.9999724749505138	2.1781487207833817e-07	0.999999999986239	0.6682150859402209	0.6684246648175458	0.3105972065600714	0.9316710545182499	2.7919999999996104e-13	0.0	0.9983741035567245	0.9999999999993592	0.9999999947620453
PWY-5101	0.7728027424128022	0.9845403448387655	0.9741914310590486	0.9999310184641581	0.7661879009701457	0.9490108172274612	0.999999928952855	0.7711395487058416	0.9716930016153581	0.8996991076655128	0.8086105078581023	0.8419214214791821	0.8097315258636743	0.7827018741863055	0.9999985633130901	0.9981472025049208	0.9995079770414129	0.9875288749760114	0.7156107491793466	0.9967665711830992	0.957110206302333	0.9392251565496534	0.9922934709181237	0.9791610436289012	0.9534003093936401	0.9969351763526649	0.9719495845486863	0.9984573422140909	0.7190818395923416	0.7158360740549112	0.9974150466327021	0.8213075480252395
PWY-5103	0.4737094876015291	0.8859088059722232	0.770309554728671	0.9945632768145771	0.669036883147062	0.9139723996229212	0.21674448159072565	0.6588158779971295	0.9468711557505737	0.8378546721628519	0.6586003680834949	0.6634364208408994	0.6599254273993114	0.646276874227136	0.06846593644175147	0.4797858366120478	0.741438156424945	0.9749500391405527	0.5098441083611424	0.9874444750439948	0.9311428158431354	0.8377185460121345	0.7858749482195876	0.9132944975756763	0.8893625102009085	0.7023466809998	0.6293146880030401	0.8629316059268797	0.6001932237054661	0.5458432865574797	0.7151708917462277	0.7318563463355999
PWY-5104	0.7728027424128022	0.9845403448387655	0.9741914310590486	0.9999310184641581	0.7661879009701457	0.9490108172274612	0.999999928952855	0.7711395487058416	0.9716930016153581	0.8996991076655128	0.8086105078581023	0.8419214214791821	0.8097315258636743	0.7827018741863055	0.9999985633130901	0.9981472025049208	0.9995079770414129	0.9875288749760114	0.7156107491793466	0.9967665711830992	0.957110206302333	0.9392251565496534	0.9922934709181237	0.9791610436289012	0.9534003093936401	0.9969351763526649	0.9719495845486863	0.9984573422140909	0.7190818395923416	0.7158360740549112	0.9974150466327021	0.8213075480252395
PWY-5659	0.9999999437708231	0.9999999946054219	1.0	1.0	1.0	0.9999999985464458	1.0	1.0	1.0	1.0	1.0	1.0	1.0	1.0	1.0	0.9999999575222098	1.0	1.0	0.9999999999999973	1.0	1.0	1.0	1.0	1.0	1.0	0.9999999999999925	0.9999999999672027	1.0	0.9999999999962328	1.0	1.0	1.0
PWY-5667	0.9003865520531719	0.9973314523410225	0.9886751784667914	0.9999979746073155	0.9149026809366984	0.9934689448879689	1.0	0.9079330132544675	0.9983112835006716	0.9460640574001161	0.9357143650097933	0.9446151936374829	0.9497194989966733	0.9356622313701611	0.9999999343244806	0.9999813112303473	0.99998220422833	0.997642422044048	0.7629853655157123	0.9996729254384407	0.9793448749415784	0.9443957517384961	0.9976326829971186	0.9924172151364685	0.972863533919878	0.9981505832074421	0.9791222244686008	0.999534220003113	0.7551977527504916	0.84587216675613	0.9995890073860594	0.894844823253453
PWY-5686	0.9776310374210937	0.9983189400975695	1.0	0.9999999999999406	0.9999999998238788	0.9934323588410107	0.9999999999879755	1.0	0.999999366086932	0.9999999784837601	0.9999999998931911	0.9971826136192937	0.9938900512036799	1.0	0.9999999993784723	0.9998282563099657	0.9999999575923748	0.9999999978246669	0.9938704082222968	0.9999999990098231	0.9999999999990932	0.999998979851619	1.0	0.9999999999996091	0.9999999999999926	0.99997769781875	0.999909054109522	0.9999999999999933	0.9978035753901249	0.9999999999987077	1.0	1.0
PWY-5695	0.8824404903140118	0.9992149519956857	1.0	0.5373793592655391	1.0	0.999999999999994	1.0	1.0	1.0	1.0	1.0	1.0	1.0	1.0	1.0	1.0	0.1231443326305015	0.585612966846248	6.413454505931271e-05	0.9999999996319322	1.0	0.980776803892496	1.0	1.0	1.0	0.9963612924349536	1.0	0.9447088448127886	0.999999837097083	0.9999999999949556	1.0	1.0
PWY-5913	0.01718275993014752	1.5499999999998798e-13	0.0	0.16706483140045483	0.0	0.0	0.0032043442891158793	0.0	0.0	0.0	0.0	0.0	0.0	0.0	0.0	0.0	2e-16	3.3519999999994383e-13	0.2323891743505435	0.0	0.0	0.0	0.0	0.0	0.5273850018189419	0.0	0.0	0.33706635787862865	0.41537848453481513	0.0	0.0	0.0
PWY-5941	0.9998507443421172	0.9999999984639092	0.2742021363112346	0.9999874554084367	0.16919728042524895	0.999999999781445	1.0	2.489969972002438e-07	0.9999999451797107	0.5891914600343698	0.20106889496713898	0.9999943023762052	0.9999147325622804	0.0019575927130443893	1.0	1.0	0.9999999999999791	0.9738711834948222	0.9294635153965152	0.9999019388127224	0.631749129917658	0.622294186335816	0.23494609272702144	0.6393863171529678	0.3399510157858502	0.9999999924696937	0.9998879765884447	0.9982144667472077	0.5086473101207463	4.582250543494388e-05	0.8464147673541742	2.5823146096213234e-06
PWY-5973	0.7153866942610255	0.9767253655014894	0.9628041332356946	0.9998649416891945	0.7154299117111431	0.9298833252732492	0.9999998903482389	0.7154751282576288	0.971247165817519	0.8885135423713002	0.7940202843632168	0.8213170165143144	0.7927058775209632	0.7642844043513508	0.9999984484455421	0.9978107878755914	0.9993429162354824	0.9841150464379651	0.7885274188144796	0.9952400874229127	0.9472581665570472	0.9552717935283048	0.9875818065801671	0.9745193948393102	0.9324930667683443	0.9973790231829224	0.9783963230543333	0.9972623309201565	0.7157667147293448	0.7473010965226766	0.9954864901271371	0.7815528021168202
PWY-5989	0.9999987253200544	0.0	0.06094418170773037	0.0	0.0	0.0	0.0	0.16112470602914328	0.0	0.0	0.0	0.0	0.0	0.20943426236772267	0.0	0.0	3.959699999989547e-12	6.531906864438041e-05	0.9994187587773223	0.0	0.0	0.0	0.0	0.0	0.0	0.0	0.0	0.0	0.9999999999998833	0.9999999999999819	0.0	8.844426547850746e-09
PWY-6121	0.9999999999629001	1.0	1.0	0.9999999999999926	0.9999999999419991	0.9999999999565862	1.0	1.0	1.0	0.9999999881605577	0.9999999999549306	1.0	1.0	1.0	1.0	1.0	1.0	0.9999999994286405	0.999999625626702	0.9999999999852989	0.9999999999997662	0.9999993201377049	1.0	0.9999999999999009	0.9999999999999993	1.0	0.9999999999805784	0.9999999999999982	0.9996461529476459	0.9999999999999993	1.0	1.0
PWY-6122	0.9999999999536251	0.9999999999999998	1.0	0.9999999999999907	0.9999999999274989	0.9999999999457327	1.0	1.0	1.0	0.9999999852006973	0.9999999999436633	1.0	1.0	1.0	1.0	1.0	1.0	0.9999999992858004	0.9999995320334215	0.9999999999816236	0.999999999999708	0.9999991501722755	1.0	0.9999999999998761	0.9999999999999991	1.0	0.999999999975723	0.9999999999999978	0.9995577303085138	0.9999999999999989	1.0	1.0
PWY-6123	0.8032175463765324	0.9870836737072318	0.9783999481446343	0.9999425147258943	0.7972559140917258	0.9571448226068281	0.9999999407940452	0.8017198775365953	0.9762990174001035	0.9149949076308125	0.8352536360532385	0.8647032653164375	0.8362502008145373	0.8121136706150264	0.9999988027606217	0.9984555251542464	0.9995899472419488	0.9895857495308956	0.7512170935874628	0.9973040231094	0.9640011748881886	0.9488360499115714	0.9935696331302216	0.9825736786323024	0.9608629621858016	0.9974446750238185	0.9765148591308351	0.9987141212332596	0.7543981487664444	0.7514240066864811	0.9978449437405961	0.8465186296200944
PWY-6163	0.6939688343995242	0.9769883930125144	0.9617803439032097	0.9998965312649537	0.6859913609590542	0.9254176718227085	0.9999998934292863	0.6919585730529602	0.9581320799950119	0.8567335384650492	0.7379888520572891	0.7802509416095949	0.7393902030051092	0.7059960634739388	0.9999978449711832	0.9972233760183602	0.9992621470824075	0.9814092363330084	0.6265226024174888	0.99515768541441	0.9370159949450294	0.9115262247447787	0.98848457834313	0.9690639034267426	0.9316920292420935	0.9954097986078837	0.9585063341064849	0.9976877967902784	0.6305196320273265	0.6267816997922049	0.9961275749681161	0.7539453742365599
PWY-6277	0.9999999999536251	0.9999999999999998	1.0	0.9999999999999907	0.9999999999274989	0.9999999999457327	1.0	1.0	1.0	0.9999999852006973	0.9999999999436633	1.0	1.0	1.0	1.0	1.0	1.0	0.9999999992858004	0.9999995320334215	0.9999999999816236	0.999999999999708	0.9999991501722755	1.0	0.9999999999998761	0.9999999999999991	1.0	0.999999999975723	0.9999999999999978	0.9995577303085138	0.9999999999999989	1.0	1.0
PWY-6282	0.9999987253200544	0.0	0.060944181707730374	0.0	0.0	0.0	0.0	0.16112470602914328	0.0	0.0	0.0	0.0	0.0	0.20943426236772267	0.0	0.0	3.959699999989548e-12	6.531906864438042e-05	0.9994187587773222	0.0	0.0	0.0	0.0	0.0	0.0	0.0	0.0	0.0	0.9999999999998833	0.9999999999999818	0.0	8.844426547850746e-09
PWY-6385	0.0	0.0	0.0015652830238287632	0.0	1.1567368689012684e-05	0.0	0.0	0.0003429222398293071	6.592849999648237e-11	0.02873776859090084	0.8934180837599603	3.706852320357128e-05	0.22790232417932457	0.3008868141808908	0.0	4.604774909712819e-06	0.0	0.0	0.0	6.029852208876025e-08	0.16943411684414147	0.0	0.038558536973752396	2.374109457520267e-06	9.499999999999928e-15	0.0	1.8347516457006278e-06	0.0	0.0	0.05577179534285202	0.009326260590422979	0.2900022549542002
PWY-6386	0.0	0.0	0.0	0.0	0.0	0.0	0.0	0.0	0.0	0.0	3.83999999999999e-15	0.0	0.0	0.0	0.0	0.0	0.0	0.0	0.0	0.0	0.0	0.0	0.0	0.0	0.0	0.0	0.0	0.0	0.0	0.0	0.0	1.0079999999999728e-14
PWY-6387	0.0	0.0	0.0012526293474009029	0.0	9.253923538022037e-06	0.0	0.0	0.0002743626724732452	5.274279999790541e-11	0.023140436132721747	0.9843692731984207	2.9655086716394797e-05	0.19358669286678187	0.2615238728716215	0.0	3.6838233272477176e-06	0.0	0.0	0.0	4.823881825473962e-08	0.1405443640794971	0.0	0.031087552916239075	1.8992884823333753e-06	7.599999999999956e-15	0.0	1.4678018737170702e-06	0.0	0.0	0.045352431366714074	0.00747497384201592	0.24950930033458774
PWY-6507	0.9999819332473007	0.9999999999999785	1.0	5.999999999999998e-16	1.0	1.0	4.1702777536240954e-05	1.0	0.03443042791188694	1.0	1.0	1.0	1.0	1.0	1.0	1.0	0.9999328298907475	0.9999967472129889	0.9985066346607846	1.0	1.0	1.0	0.9954318602917186	1.0	0.930018615218052	0.999993140974867	0.9999999999999276	0.9393236804461362	0.9999999999639868	1.0	0.9999914301213924	1.0
PWY-6519	0.9999989570798028	0.0	0.07349201964296184	0.0	0.0	0.0	0.0	0.1901213936108939	0.0	0.0	0.0	0.0	0.0	0.24459168104904164	0.0	0.0	6.7116053550578924e-12	0.00011974290245370739	0.9988501408936782	0.0	0.0	0.0	0.0	0.0	0.0	0.0	0.0	0.0	0.9999999999859593	0.9999999999999851	0.0	1.0809854648349362e-08
PWY-6572	0.0	0.0	0.0	0.0	0.0	0.0	0.0	0.0	0.0	0.0	0.0	0.0	0.0	0.0	0.0	0.0	0.0	0.0	0.0	0.0	1.81435399835406e-09	0.0	0.0	0.0	0.0	0.0	0.0	0.0	0.0	0.0	0.0	0.0
PWY-6608	0.0	0.0	0.0	0.0	0.0	0.0	0.0	0.0	0.0	0.0	0.0	0.0	0.0	0.9084962876172666	0.0	0.0	0.0	0.0	0.0	0.0	0.0	0.0	0.0	0.0	0.0	0.0	0.0	0.0	0.0	0.0	0.0	0.0
PWY-6609	0.8069591826502917	0.9984405143578892	0.9990644848985267	0.43642884783961255	0.7684907058079876	0.9516036420972381	1.0	0.7838684169502287	0.978004443344018	0.9065690168502181	0.8535386655333428	0.9099911967369759	0.8587238231414179	0.817184143025263	1.0	0.9999999984101886	0.08561036552747803	0.48418262710249166	4.275710385863237e-05	0.9990839659930778	0.9590721026732535	0.9625195463108709	0.9999975569942714	0.9983788765184834	0.994774924773185	0.9945516841064622	0.9996458134407389	0.9192943761755509	0.7292150002011224	0.7824971221062695	0.9999999657733915	0.8690530260834556
PWY-6700	0.706660184735031	0.9763726552292271	0.9611080135779907	0.9998979281275749	0.6732047081151747	0.9184597728353153	0.9999999111910699	0.6848631517576806	0.9577611602401024	0.8448711477050811	0.7024764502987632	0.7674897825985875	0.720661671279894	0.6838492997277955	0.9999980906540537	0.9974769732842556	0.999275850066378	0.9804963908322872	0.6672812937584649	0.9948320911877242	0.9305531406419854	0.923006776044477	0.9867827841558071	0.9714893983304976	0.9419697753405643	0.996158174164057	0.9632408302969613	0.9969604454252	0.6432640442732429	0.6370041633969219	0.9967599351194697	0.7337250665673362
PWY-6703	0.0	0.0	0.0	2.823492465382082e-06	0.0	0.0	0.0	0.0	0.0	5.999999999999982e-15	0.0	0.0	0.0	0.0	0.0	0.0	0.0	4.5199999999998295e-14	0.0	4.79293599938094e-10	0.0	4.462822259287637e-09	0.0	0.0	0.0	0.0	0.0	2.666666666666667e-16	1.298549655634894e-08	0.0	0.0	0.0
PWY-6737	0.9999004912773315	0.9999999989759394	0.3617120904951636	0.9999916369039871	0.233999851399518	0.9999999998542966	1.0	3.734954493e-07	0.9999999634531398	0.682674266228132	0.2740517056420546	0.9999962015769229	0.9999431534257996	0.0029335177530781	1.0	1.0	0.9999999999999862	0.9824277415577417	0.9518434114418816	0.9999346237381904	0.7201474366260253	0.7119272005160033	0.3153714894845806	0.7267442961998711	0.4358437593254672	0.9999999949797957	0.9999253149368047	0.9988089356031093	0.6082728027196427	6.8732183412e-05	0.892085135021564	3.8734669132e-06
PWY-6897	0.0	0.0	0.0	4.1399999999999425e-14	0.0	0.0	0.0	0.0	0.0	0.0	0.0	0.0	0.0	0.0	0.0	0.0	0.0	0.0	0.0	8.129249999997798e-13	0.0	3.599999999999995e-15	0.0	0.0	0.0	0.0	0.0	0.0	0.0	0.0	0.0	0.0
PWY-6969	0.08038847136321924	1.549999999998078e-12	0.0	0.6257909052847929	0.0	0.0	0.015818331001885486	0.0	0.0	0.0	0.0	0.0	0.0	0.0	0.0	0.0	1.9999999999999966e-15	3.351999999991011e-12	0.6021827871323446	0.0	0.0	0.0	0.0	0.0	0.8465847637415032	0.0	0.0	0.7176912676790391	0.7803424933877693	0.0	0.0	0.0
PWY-7111	0.45351401194292923	0.8686841164275045	0.7373725477916555	0.9932558553495805	0.700461315261346	0.9224448081921528	0.6680662436648714	0.684062549848529	0.9506335016796327	0.8530757704864571	0.666651787348001	0.6592915077521219	0.6678721131123928	0.6619713013391437	0.055533178092985615	0.42477834940729714	0.6965704215681254	0.9763488342016484	0.5119410311087939	0.9863231358114594	0.9394707990983079	0.8321504351419894	0.7486543718366089	0.9046746182821781	0.8889262119327976	0.6545246013325643	0.5819874217632778	0.8350139111962999	0.6295252238503175	0.558057620931695	0.6683534944134352	0.7564274895033604
PWY-7208	0.63098023840688	0.971105726336316	0.9523790096919457	0.9998706047161241	0.5864693496949756	0.8923008103532193	0.9999998667866115	0.6008507777942949	0.9376509403267684	0.7960679069333291	0.6587238603853274	0.714588013053813	0.6620459724049998	0.6137179861270379	0.9999973062154303	0.9965316269609079	0.9990778537052704	0.9728537718300874	0.5411677596458809	0.9935570229378197	0.9068563424581635	0.8832138139365487	0.9856436307747377	0.9605346038227627	0.9107931674333424	0.9942687136641446	0.9485428962133967	0.9971113346069332	0.5213327935945503	0.5313775904683857	0.995164124402635	0.6684080252851807
PWY-7219	1.0	1.0	1.0	1.0	1.0	1.0	1.0	1.0	1.0	1.0	1.0	1.0	1.0	1.0	1.0	1.0	1.0	1.0	1.0	1.0	1.0	1.0	1.0	1.0	1.0	1.0	1.0	1.0	1.0	1.0	1.0	1.0
PWY-7221	1.0	1.0	1.0	1.0	1.0	1.0	1.0	1.0	1.0	1.0	1.0	1.0	1.0	1.0	1.0	1.0	1.0	1.0	1.0	1.0	1.0	1.0	1.0	1.0	1.0	1.0	1.0	1.0	1.0	1.0	1.0	1.0
PWY-7242	1.0	1.0	1.0	1.0	1.0	1.0	1.0	1.0	1.0	1.0	1.0	1.0	1.0	1.0	1.0	1.0	1.0	1.0	1.0	1.0	1.0	1.0	1.0	1.0	1.0	1.0	1.0	1.0	1.0	1.0	1.0	1.0
PWY-7323	0.0	2.1298199999697593e-11	1.0	0.0	1.0	2.6705674970484062e-05	0.0	1.0	0.9999999993088847	0.9999586546183024	1.0	1.0	0.9999999999999828	1.0	4.6688276854680314e-09	0.9549325236198987	1.2671574983403451e-06	9.494196239068214e-08	0.0	1.5903529137486248e-05	0.9999999994544654	9.62235398957853e-05	1.0	0.9991421619177033	0.9994485149606988	0.1782138093266877	0.942216076965409	2.2064999999967542e-12	2.047499999997205e-12	0.9999999997985558	0.9999999999999597	1.0
PWY-7663	1.0	1.0	1.0	1.0	1.0	1.0	1.0	1.0	1.0	1.0	1.0	1.0	1.0	1.0	1.0	1.0	1.0	1.0	1.0	1.0	1.0	1.0	1.0	1.0	1.0	1.0	1.0	1.0	1.0	1.0	1.0	1.0
PWY-7664	0.9999989074169906	0.0	0.07038660300512968	0.0	0.0	0.0	0.0	0.18306283284613453	0.0	0.0	0.0	0.0	0.0	0.23609877722017178	0.0	0.0	4.619649999984756e-12	7.620475048122253e-05	0.9995017518659398	0.0	0.0	0.0	0.0	0.0	0.0	0.0	0.0	0.0	0.9999999999999	0.9999999999999846	0.0	1.0318497623949005e-08
PWY0-1061	0.0	0.0	0.0	0.0	0.0	0.0	0.0	0.0	0.0	0.0	0.0	0.0	0.0	0.0	0.0	0.0	0.0	0.0	5.999999999999997e-16	0.0	0.0	7.5670928690538e-09	0.0	0.0	0.0	2.9999999999999994e-16	0.0	0.0	0.0	0.0	0.0	0.0
PWY0-1319	0.9003865520531719	0.9973314523410225	0.9886751784667914	0.9999979746073155	0.9149026809366984	0.9934689448879689	1.0	0.9079330132544675	0.9983112835006716	0.9460640574001161	0.9357143650097933	0.9446151936374829	0.9497194989966733	0.9356622313701611	0.9999999343244806	0.9999813112303473	0.99998220422833	0.997642422044048	0.7629853655157123	0.9996729254384407	0.9793448749415784	0.9443957517384961	0.9976326829971186	0.9924172151364685	0.972863533919878	0.9981505832074421	0.9791222244686008	0.999534220003113	0.7551977527504916	0.84587216675613	0.9995890073860594	0.894844823253453
PWY0-1586	1.0	1.0	1.0	1.0	1.0	1.0	1.0	1.0	1.0	1.0	1.0	1.0	1.0	1.0	1.0	1.0	1.0	1.0	1.0	1.0	1.0	1.0	1.0	1.0	1.0	1.0	1.0	1.0	1.0	1.0	1.0	1.0
PWY0-862	0.9999987253200544	0.0	0.06094418170773037	0.0	0.0	0.0	0.0	0.16112470602914328	0.0	0.0	0.0	0.0	0.0	0.20943426236772267	0.0	0.0	3.959699999989547e-12	6.531906864438041e-05	0.9994187587773223	0.0	0.0	0.0	0.0	0.0	0.0	0.0	0.0	0.0	0.9999999999998833	0.9999999999999819	0.0	8.844426547850746e-09
PWY4FS-7	0.0	0.0	0.0	0.0005452038040706235	0.0	0.0	0.9976430542570276	0.0	0.0	0.0	0.0	0.0	0.0	0.0	0.0	0.0	0.0	0.0	1.4100806972704005e-09	0.0	0.0	0.0	0.0	0.0	1.8168950976921424e-09	0.0	0.0	0.0001386192042680973	0.0	0.0	5.531999975500624e-13	0.0
PWY4FS-8	0.0	0.0	0.0	0.0005452038040706235	0.0	0.0	0.9976430542570276	0.0	0.0	0.0	0.0	0.0	0.0	0.0	0.0	0.0	0.0	0.0	1.4100806972704005e-09	0.0	0.0	0.0	0.0	0.0	1.8168950976921424e-09	0.0	0.0	0.0001386192042680973	0.0	0.0	5.531999975500624e-13	0.0
PWYG-321	0.9999989483888104	0.0	0.0729289425821174	0.0	0.0	0.0	0.0	0.18884822538106613	0.0	0.0	0.0	0.0	0.0	0.2430615914805262	0.0	0.0	4.799636363621966e-12	7.917353166623713e-05	0.9995204272104828	0.0	0.0	0.0	0.0	0.0	0.0	0.0	0.0	0.0	0.9999999999999036	0.9999999999999851	0.0	1.0720517005855021e-08
PYRIDNUCSAL-PWY	0.0	7.999999999999995e-16	0.9969539502180487	0.0	0.9402586660948499	6.636479999669553e-11	0.00018286002425855458	2.6310917320036385e-05	0.0	0.9809679696158892	0.9937095286177218	0.0006584911114679156	0.1572520116892186	0.532833891024261	0.9999999888021623	0.9999998544239866	0.0	0.0	0.0	0.0044239839751635075	0.9938827257397392	0.0033321699676789264	0.9044834780539457	0.0026977832780024154	1.5004831976713689e-09	0.002767936080628626	0.0014283793285637773	2.940645855139345e-08	0.0	0.13962564082064088	0.9781117907630641	0.9370405459690513
PYRIDNUCSYN-PWY	0.0	0.0	0.0	1.455798923573655e-12	0.0	0.0	1.8963395696508797e-05	0.0	0.0	0.0	0.0	0.0	0.0	0.0	4.0141490921664526e-07	5.999982509166896e-16	0.0	0.0	0.0	1.621242371927471e-10	0.0	4.571754373243798e-11	0.0	0.0	0.0	6.312394865324826e-10	0.0	2.7417278877640033e-10	0.0	0.0	0.0	0.0
RIBOSYN2-PWY	0.0	0.0	0.0	2.365263265281103e-11	0.0	0.0	1.0681508171256858e-05	0.0	0.0	0.0	0.0	0.0	0.0	0.0	2.501557220574292e-06	1.4775467775467688e-14	6.315789473684208e-16	6.315789473684208e-16	0.0	3.8203071422733535e-10	0.0	6.666814285536492e-11	0.0	0.0	0.0	6.26563714128636e-10	0.0	2.1372277549193017e-10	0.0	0.0	0.0	0.0
SALVADEHYPOX-PWY	0.0	0.0	0.0	0.0	0.0	0.0	0.0	0.0	0.0	0.0	0.0	0.0	0.0	0.8921689337157592	0.0	0.0	0.0	0.0	0.0	0.0	0.0	0.0	0.0	0.0	0.0	0.0	0.0	0.0	0.0	0.0	0.0	0.0
SER-GLYSYN-PWY	0.0	0.0	0.0	0.0	0.0	0.0	0.0	0.0	0.0	0.0	0.0	0.0	0.0	0.0	0.0	0.0	0.0	0.0	0.0	0.0	0.0	0.0	0.0	0.0	0.0	0.0	0.0	0.0	0.0	0.0	0.0	3.999999990425433e-16
SO4ASSIM-PWY	0.0	0.0	0.0	0.9998295620206097	0.0	0.0	0.9991841640798991	0.0	0.0	0.0	0.0	0.0	0.0	0.0	0.0	0.0	0.0	0.0	1.0850286128126119e-05	0.0	0.0	0.0	0.0	0.0	0.0	0.0	0.0	6.12027999981271e-11	0.0	0.0	0.0	0.0
TCA	0.04983547793188336	4.649999999995006e-13	0.0	0.35365934114325515	0.0	0.0	0.009551246218506629	0.0	0.0	0.0	0.0	0.0	0.0	0.0	0.0	0.0	5.999999999999966e-16	1.0055999999989897e-12	0.4759542678646961	0.0	0.0	0.0	0.0	0.0	0.7660842624102293	0.0	0.0	0.6040131341982037	0.6806667813683783	0.0	0.0	0.0
THRESYN-PWY	0.0	0.0	0.0	0.0	0.0	0.0	0.0	0.0	0.0	0.0	1.97991770008454e-07	0.0	0.0	0.0	0.0	0.0	0.0	0.0	0.0	0.0	9.509999999999377e-14	0.0	0.0	0.0	0.0	0.0	0.0	0.0	0.0	2.098799999996634e-12	0.0	7.582235670527059e-07
TRNA-CHARGING-PWY	0.8446279803800041	0.9902705236632292	0.9850362274980081	0.9999586685191454	0.8515951323556333	0.9678201650066318	0.999999934003341	0.8494970629796861	0.9835629554639613	0.9400062927358528	0.8839415870354859	0.8982656696500828	0.8706106565477549	0.8550114125615651	0.9999991251600262	0.9989634615503322	0.9997261312095458	0.993169740558973	0.8137514819694913	0.9982471165388109	0.9745894687258965	0.9661706338607265	0.9943208158851985	0.9866718785661024	0.9667439487123426	0.9983867190243271	0.9849713917930317	0.9988573745854818	0.8117304413875084	0.8116910251036497	0.998106196266599	0.8862195892109425
TRPSYN-PWY	0.0016126274176970115	0.07683452097545347	0.022706583363579818	0.6186467532331688	0.005374118151914354	0.02607659331981282	0.0003679804209315672	0.0065840465793771605	0.08970716996873247	0.176028525395266	0.0024295277800442058	0.0677316899651346	0.019777375960406348	0.033739581065349876	1.1335719177358051e-05	2.1585546227895686e-05	0.003839516303805809	0.3952205184032934	0.15114463288511634	0.3251221337687224	0.24882012528498504	0.4722632987964976	0.09203483123246162	0.335057025272431	0.4583991398730478	0.2203333916946652	0.03858453717506559	0.17464329763643796	0.33896790485959655	0.05533839856767494	0.04615759615451911	0.14762163130201983
VALSYN-PWY	0.7312672632210242	0.9807498312909662	0.9679461051128163	0.9999137745671886	0.723875205652808	0.937065762864317	0.9999999111910703	0.7294064749474999	0.9648648943638195	0.8776908146887467	0.7716872978510844	0.8099139115150485	0.7729638622074892	0.7423728186494183	0.9999982041420076	0.9976850754027747	0.9993850469445218	0.9844595454578954	0.6681099286599834	0.9959614785467854	0.9469565139216425	0.9251684151506568	0.9903853625184954	0.9740863081098048	0.942421175592764	0.9961719035509617	0.9651811514775059	0.9980724211662376	0.6718949651902392	0.6683554471104862	0.9967708950622982	0.7861861646574226
