feature	X1CMET2.PWY	AEROBACTINSYN.PWY	ALL.CHORISMATE.PWY	ANAEROFRUCAT.PWY	ANAGLYCOLYSIS.PWY	ARG.POLYAMINE.SYN	ARGDEG.PWY	ARGORNPROST.PWY	ARGSYN.PWY	ARGSYNBSUB.PWY	ARO.PWY	ASPASN.PWY	AST.PWY	BIOTIN.BIOSYNTHESIS.PWY	BRANCHED.CHAIN.AA.SYN.PWY	CALVIN.PWY	CENTFERM.PWY	COA.PWY	COBALSYN.PWY	COLANSYN.PWY	COMPLETE.ARO.PWY	DAPLYSINESYN.PWY	DTDPRHAMSYN.PWY	ECASYN.PWY	ENTBACSYN.PWY	FAO.PWY	FASYN.ELONG.PWY	FASYN.INITIAL.PWY	FERMENTATION.PWY	FOLSYN.PWY	FUC.RHAMCAT.PWY	FUCCAT.PWY	GALACT.GLUCUROCAT.PWY	GALACTARDEG.PWY	GALACTUROCAT.PWY	GALLATE.DEGRADATION.II.PWY	GLCMANNANAUT.PWY	GLUCARDEG.PWY	GLUCARGALACTSUPER.PWY	GLUCONEO.PWY	GLUCOSE1PMETAB.PWY	GLUCUROCAT.PWY	GLUTORN.PWY	GLYCOCAT.PWY	GLYCOGENSYNTH.PWY	GLYCOL.GLYOXDEG.PWY	GLYCOLYSIS	GLYCOLYSIS.E.D	GLYCOLYSIS.TCA.GLYOX.BYPASS	GLYOXYLATE.BYPASS	GOLPDLCAT.PWY	HCAMHPDEG.PWY	HEME.BIOSYNTHESIS.II	HEMESYN2.PWY	HEXITOLDEGSUPER.PWY	HISDEG.PWY	HISTSYN.PWY	HOMOSER.METSYN.PWY	HSERMETANA.PWY	ILEUSYN.PWY	KDO.NAGLIPASYN.PWY	LACTOSECAT.PWY	LPSSYN.PWY	MET.SAM.PWY	METHGLYUT.PWY	NAD.BIOSYNTHESIS.II	NAGLIPASYN.PWY	NONOXIPENT.PWY	OANTIGEN.PWY	ORNARGDEG.PWY	ORNDEG.PWY	P105.PWY	P108.PWY	P122.PWY	P124.PWY	P125.PWY	P161.PWY	P163.PWY	P164.PWY	P221.PWY	P23.PWY	P4.PWY	P42.PWY	P441.PWY	P461.PWY	P562.PWY	PANTO.PWY	PANTOSYN.PWY	PENTOSE.P.PWY	PEPTIDOGLYCANSYN.PWY	PHOSLIPSYN.PWY	POLYAMINSYN3.PWY	POLYAMSYN.PWY	POLYISOPRENSYN.PWY	PPGPPMET.PWY	PWY.1269	PWY.1622	PWY.181	PWY.1861	PWY.2941	PWY.2942	PWY.3001	PWY.4984	PWY.5022	PWY.5097	PWY.5100	PWY.5101	PWY.5103	PWY.5104	PWY.5154	PWY.5179	PWY.5180	PWY.5182	PWY.5188	PWY.5189	PWY.5265	PWY.5304	PWY.5345	PWY.5347	PWY.5384	PWY.5415	PWY.5419	PWY.5420	PWY.5484	PWY.5505	PWY.5509	PWY.5659	PWY.5667	PWY.5676	PWY.5677	PWY.5686	PWY.5695	PWY.5705	PWY.5747	PWY.5837	PWY.5838	PWY.5840	PWY.5845	PWY.5850	PWY.5855	PWY.5856	PWY.5857	PWY.5860	PWY.5861	PWY.5862	PWY.5863	PWY.5896	PWY.5897	PWY.5898	PWY.5899	PWY.5910	PWY.5913	PWY.5918	PWY.5920	PWY.5941	PWY.5971	PWY.5973	PWY.5989	PWY.6121	PWY.6122	PWY.6123	PWY.6125	PWY.6126	PWY.6143	PWY.6147	PWY.6151	PWY.6163	PWY.621	PWY.622	PWY.6263	PWY.6269	PWY.6277	PWY.6282	PWY.6317	PWY.6344	PWY.6353	PWY.6383	PWY.6385	PWY.6386	PWY.6387	PWY.6396	PWY.6467	PWY.6470	PWY.6471	PWY.6478	PWY.6507	PWY.6519	PWY.6545	PWY.6572	PWY.6588	PWY.6590	PWY.6608	PWY.6609	PWY.6612	PWY.6628	PWY.6629	PWY.6630	PWY.6676	PWY.6690	PWY.6700	PWY.6703	PWY.6708	PWY.6731	PWY.6737	PWY.6749	PWY.6823	PWY.6891	PWY.6892	PWY.6895	PWY.6897	PWY.6901	PWY.6969	PWY.7003	PWY.7013	PWY.7090	PWY.7094	PWY.7111	PWY.7184	PWY.7196	PWY.7197	PWY.7198	PWY.7199	PWY.7200	PWY.7208	PWY.7209	PWY.7210	PWY.7211	PWY.7219	PWY.7220	PWY.7221	PWY.7222	PWY.7228	PWY.7229	PWY.7234	PWY.7237	PWY.7242	PWY.7254	PWY.7294	PWY.7315	PWY.7316	PWY.7323	PWY.7328	PWY.7332	PWY.7371	PWY.7373	PWY.7374	PWY.7377	PWY.7399	PWY.7400	PWY.7446	PWY.7456	PWY.7539	PWY.7663	PWY.7664	PWY.841	PWY.922	PWY0.1061	PWY0.1241	PWY0.1261	PWY0.1277	PWY0.1296	PWY0.1297	PWY0.1298	PWY0.1319	PWY0.1338	PWY0.1415	PWY0.1479	PWY0.1533	PWY0.1586	PWY0.162	PWY0.166	PWY0.41	PWY0.42	PWY0.781	PWY0.845	PWY0.862	PWY490.3	PWY4FS.7	PWY4FS.8	PWYG.321	PYRIDNUCSAL.PWY	PYRIDNUCSYN.PWY	PYRIDOXSYN.PWY	REDCITCYC	RHAMCAT.PWY	RIBOSYN2.PWY	RUMP.PWY	SALVADEHYPOX.PWY	SER.GLYSYN.PWY	SO4ASSIM.PWY	SULFATE.CYS.PWY	TCA	TCA.GLYOX.BYPASS	TEICHOICACID.PWY	THISYN.PWY	THRESYN.PWY	TRNA.CHARGING.PWY	TRPSYN.PWY	UBISYN.PWY	UDPNAGSYN.PWY	VALSYN.PWY	P281.PWY	PWY.3781
Plate3_016R_0_F_NS6_week5_S1_L001	14558.74925	423	4624.244155	10233.19446	18786.43717	1639.751923	747.2318723	376.3165114	12637.38091	11897.32507	13428.06644	12782.35215	474.9811404	16534.42743	17075.90045	17532.11086	2081.478498	13398.87109	13129.22458	11471.25305	14696.3195	13452.10641	17655.99749	946.6998628	1981.528341	1162.944325	19429.49657	14999.64847	8584.139175	14458.641	8354.950163	9130.507499	13920.64952	5223.705138	14688.01291	0	6198.384825	4260.81724	5223.705138	16274.70173	22139.3494	14388.86385	13261.42238	16646.34211	9347.007606	1355.844828	16537.7631	10071.26469	2561.991077	1607.550806	569.039102	461.4545455	611.8061244	938.982667	3929.741073	7801.879953	15230.21269	6399.055923	8504.293992	16942.11719	4475.06181	284.8526911	1523.959003	8386.872889	794.2612421	5777.339478	12436.63846	19972.83267	2674.276362	747.2318723	598.4056623	3887.968776	17295.28268	1436.940596	1631.538229	1970.711897	5333.46629	0	7369.901259	1529.731284	2804.379243	3650.276714	21333.0574	9186.00999	6873.680209	94.51420978	13680.88669	13254.4132	12993.94248	13533.07108	14065.79436	802.7281063	884.3914907	12968.8259	11063.16967	12119.43252	4241.577165	3717.493125	1862.549149	302.1156325	17283.64546	14973.69541	6089.054998	898.5995369	17893.43932	13903.60359	18393.41709	16049.18513	16996.6836	12635.20069	329.140239	842.1679576	842.1679576	6856.961486	6541.956063	0	7023.67	10357.98914	10070.61781	7664.877899	315.1542791	114.7749186	185.9517698	15639.56902	16418.38758	11242.11402	16928.30815	14603.94666	4957.908077	926.4814527	17854.47032	15700.81048	1217.16103	629.3379679	7413.629965	10334.79494	9784.697364	9784.697364	9784.697364	1934.838177	1934.838177	1934.838177	9105.674923	9836.538227	9105.674923	7852.1011	9784.697364	10125.80937	10125.80937	10125.80937	179.1249895	16282.38273	1348.973869	826.1682633	15499.50957	19744.7406	17684.86446	19374.006	17826.17324	17201.78946	15667.70507	12967.39079	14222.23373	0	11424.18797	7143.928888	14183.90719	7664.877899	7734.232847	281.7371755	11225.86804	17201.78946	18601.0133	7536.734623	0	11956.03739	41.01339253	14149.10332	12539.52631	13474.23951	1120.193421	11499.81	2747.572785	3142.409006	4289.762894	14964.52404	18032.59622	2060.633673	9957.962872	1500.00042	2569.384916	11218.83281	12920.17939	13628.84425	5435.714436	3880.403406	5406.362689	0	461.4545455	14764.52925	12220.39781	1934.838177	6701.024888	19650.90618	2717.435791	808.1911154	1952.589059	14115.50057	6677.286841	17293.31937	10171.92689	17850.05273	1940.708803	0	2896.816477	1162.944325	16888.9631	9997.848582	12205.58692	10007.22675	1673.395052	10160.32624	9079.253065	13408.92336	1045.091278	2193.439492	10634.17208	18933.0844	10955.45327	18419.52657	10955.45327	13996.384	15745.81466	2121.951317	321.2	17214.67467	9999.797855	0	11630.74843	0	14584.07529	6580.983451	1764.544382	96	0	119.2462016	0	49.16194077	12619.80189	423	9662.743731	11783.55229	21230.33964	18808.26211	15287.42037	125.8923667	15528.87588	7723.99149	13663.98187	806.3848377	4194.479987	4206.380166	4874.237127	14603.94666	485.8207774	599.4473956	1415.541558	742.2090182	38636.53233	14175.59582	10108.7982	1425.759817	573.3976786	3630.684278	10521.51769	18039.2194	0	13759.7222	13759.7222	19293.37208	12514.46232	12739.90339	10696.15603	1403.471194	8847.425703	13067.33423	1383.191247	10463.99539	10791.27892	14985.7031	13147.49774	16628.49146	1435.179642	6777.192015	16259.59666	13909.22854	14390.64234	17655.77406	1942.021643	1487.460091	16942.11719	442.0624684	683.7215546
Plate4_016R_R_F_NS6_week5_S1_L001	11392.62802	200.57	2953.870013	7429.712441	14616.32175	782.9723179	364.755055	366.6124209	9455.64388	7673.80127	9720.141794	11544.35048	225.4410388	12599.48928	13168.40409	13592.96865	1090.397162	10594.98963	10404.05952	7703.386589	10661.12599	9644.635303	14873.28892	465.6091363	971.8670718	559.3465856	14413.24313	10940.84574	5842.126768	11597.89918	5468.293865	5526.577437	11150.35978	3413.872973	11504.27844	0	4101.469656	2643.014239	3413.872973	12814.02743	20007.79637	11591.96432	9720.078949	12754.89176	6608.95703	686.8941081	12979.99831	7329.174308	1287.058211	778.6351219	241.9171772	218.8036364	391.0231921	518.88067	2504.703768	7518.122295	12112.37174	6922.026995	8257.546705	13210.33951	2469.471882	182.5144865	754.4683788	8497.863402	389.0281563	3733.899024	10125.64486	16039.93928	1829.721616	364.755055	290.2494345	2090.728615	13892.1318	1957.494083	2220.803961	1098.596828	3251.876402	0	4778.327262	1597.295093	1645.991286	2152.287534	17209.15199	6288.745078	4300.590466	105.3277053	11139.64886	10642.35644	11357.46913	11329.99485	10468.8078	347.0450397	412.66633	10272.88448	9038.421621	9589.29886	3050.819482	2103.659028	972.4491703	332.9121784	13561.49455	12330.06796	4398.449033	473.4245101	14234.92446	11647.42768	14322.72084	12540.06143	13157.87933	9826.126921	204.8474385	417.6321638	417.6321638	3989.530225	3751.957681	322.0574697	4261.89	6705.622275	9815.394057	4129.660334	205.7249134	77.41467181	122.388857	12195.32613	14755.47622	9570.109039	13727.99147	11360.83614	2554.007929	552.9592305	14110.06588	13002.62661	611.5053233	312.9121333	4911.252599	7810.795719	7016.228612	7016.228612	7016.228612	1367.57701	1367.57701	1367.57701	6258.185904	7244.143758	6258.185904	5263.954693	7016.228612	7575.074595	7575.074595	7575.074595	122.0439423	12079.59093	852.259987	455.5773132	12404.97584	14353.16564	13934.77387	13680.8647	14122.50455	13434.66459	12342.05119	8424.179675	9705.346309	0	9950.025075	7233.593885	11124.45212	5201.554937	4968.022863	182.5529663	9567.509194	13434.66459	12995.80716	5071.409651	0	8224.207331	36.24604431	11880.62202	10945.80092	11461.25281	558.980687	9259.37	4587.414933	6589.970045	2922.575685	12231.98042	13615.45391	1718.955476	10298.5838	726.5036233	1367.225885	7535.945752	10677.33495	10904.92139	2951.28942	2009.527564	2943.336791	0	218.8036364	11796.35062	9809.361807	1367.57701	3961.523136	15697.32667	1854.364734	402.9513002	1062.850013	11160.6608	4049.833787	14046.77267	7643.748195	13986.18555	1476.82278	186.2067655	3570.227587	559.3465856	13150.84479	6255.16705	8693.064537	6214.942619	1415.262292	9371.39761	6429.205699	10598.87006	496.2999164	1780.695423	6693.993273	14728.22414	6773.935054	14187.53851	6773.935054	9302.723203	11209.02516	1214.418491	258.55	13501.62354	8108.946079	500.8094109	9125.922723	62.83494897	12522.87541	3600.976278	1281.861607	62	0	77.00551396	351.0605984	41.90196831	9458.345436	200.57	9458.189084	10420.5758	16400.10248	13284.64749	10881.45569	85.72728228	11902.08938	6025.75351	8998.991959	396.2253522	2774.822689	2763.888528	3190.464318	11360.83614	266.9479151	338.7858182	716.9310342	353.7622515	29981.11742	10043.86086	6549.059254	715.9486912	281.3900166	2117.952427	8598.867686	12533.0794	47.22451486	10073.58672	10073.58672	13581.48765	10642.51645	10101.95796	9020.510302	679.5383128	6512.977534	10424.86471	726.2604747	6320.434908	9432.882735	9419.525034	10470.55409	12414.16093	695.099036	5816.79119	13042.82704	11821.55387	11299.48463	13795.38025	1409.847525	997.7677954	13210.33951	210.4131285	1002.648316
Plate4_1075R_0_M_NS6_week5_S2_L001	9763.78896	58.57	1863.161901	8724.588914	12662.16758	834.3647465	113.7819091	926.074851	8520.070458	7790.638851	9020.071709	9541.886387	66.27894656	10081.06603	11421.13874	12935.7118	388.79371	8698.308525	8427.122784	6468.445322	9838.880379	10550.01946	13498.83486	142.7432639	353.2826265	173.0519463	11762.40302	8880.928882	6891.4408	9728.053214	5488.717501	5802.970082	9644.195611	4764.182757	9501.498264	0	5595.282166	1752.436483	4764.182757	10856.40824	16486.5216	10330.01073	7999.165848	11195.44821	8889.228656	223.9520375	11139.61536	8410.975965	406.6364409	231.6526134	976.4481194	63.89454545	188.4724034	213.2445402	2042.219641	5413.753526	9807.619048	4864.635399	5623.674778	11679.28025	832.6274206	162.2471872	228.2194373	6088.518729	120.3988926	1917.850619	7073.07021	15346.71811	1922.367163	113.7819091	102.4224296	764.2559374	11163.91984	3347.034248	3843.517978	1749.966986	4523.590493	0	5118.579524	2771.250943	2105.634587	1884.57632	14174.21235	7502.665771	5607.691374	330.0526764	8531.38348	8300.119016	9772.53662	9754.648077	8830.624629	411.9045387	441.4842324	8228.382543	7835.952835	6778.049116	3482.722921	794.379023	345.6855135	1026.979013	11685.66326	10475.30943	3728.56143	417.3895729	12422.23859	10750.55121	12567.08585	10831.62808	11797.56597	8662.23182	92.80795931	155.8055983	155.8055983	3952.837816	3763.773591	883.2163913	2822.93	5069.331471	7288.742455	2808.080925	105.0949167	45.03992285	68.49442072	10577.36333	12459.14412	8073.99307	12921.01283	9658.451549	1964.090913	811.8815936	12437.89206	12154.18872	545.0970733	107.0529692	3970.420839	5828.782825	5722.237196	5096.937118	5096.937118	1504.553899	1504.553899	1504.553899	4608.121079	5553.784379	4608.121079	4265.125695	5096.937118	5694.236869	5694.236869	5694.236869	64.47967629	8662.291193	439.7312468	170.023549	10062.63684	12152.68478	11759.66906	11419.91006	12007.65614	11612.34736	10611.07996	7154.721648	8256.597436	0	8258.186194	5825.816976	9695.351141	8301.516612	4772.546509	458.7512687	8077.128659	11612.34736	10958.42966	7079.526609	0	8744.87606	77.09993901	10148.49668	9404.998793	9843.158676	217.0454807	6469.46	1552.656336	1640.011246	3823.537918	9910.247451	10935.372	2446.312648	5228.869932	229.1997121	494.7866062	8235.567617	9836.535558	9251.333784	1051.317225	659.9470103	1048.828617	42.05430575	63.89454545	9740.23794	7390.412624	1504.553899	3046.495787	12735.32631	2487.35195	147.9349313	998.6385657	8031.580848	3581.08352	10368.41094	7823.742513	11110.55689	618.7927573	1345.11711	2670.715292	173.0519463	11467.28089	5606.841825	7279.851697	5158.695552	1758.159742	7718.851365	5505.445644	8935.652908	694.5004362	2126.319419	5432.27025	13172.42114	5687.797361	12975.17084	5687.797361	7992.688156	9675.576474	971.5137099	569.35	11978.15974	5936.828275	473.2321894	8766.353493	478.6706076	11613.25526	3535.601839	1313.159601	161	0	199.2549671	1831.842933	59.61598964	8505.717179	58.57	8325.645281	8503.583803	13891.5301	11196.56737	9291.254124	45.23433449	9682.0277	5198.10625	6863.33081	137.7467654	4220.535013	4120.554526	4243.975973	9658.451549	91.25809958	127.9378283	316.185953	103.8518689	25817.808	8465.089976	5742.148096	609.7154281	91.84715472	1265.018776	6480.852643	10521.69931	365.3908352	8541.790094	8541.790094	11521.04462	9348.555221	8067.99934	5760.123184	202.6458762	6352.792652	8198.344313	258.5110144	7648.376948	8353.163566	6311.780669	7753.672553	9578.374819	207.802384	4866.751836	9627.035854	9852.652799	9893.792601	11031.9043	1553.462878	1063.634664	11679.28025	62.98639892	2132.041395
Plate4_1075R_RL_M_NS6_week5_S3_L001	12968.12614	136.43	3200.756069	10204.20169	16811.32791	784.8080598	259.9550283	570.5262473	11060.64131	9396.885035	11476.11382	12891.56697	154.8159824	14211.62733	15090.40684	16241.46864	842.9561668	11871.51606	11558.05752	8352.064079	12555.8025	12696.25557	17163.77965	328.8537308	762.0133273	393.4109894	16352.85587	12797.32605	7993.621892	12976.049	7139.739711	6986.955084	12888.04452	4927.6552	13015.72083	0	5942.149768	3158.298066	4927.6552	14591.75112	22538.68966	13519.3785	10962.96571	14800.20101	9437.717787	503.8952592	14844.10085	9985.423485	921.042987	535.7075616	524.4947375	148.8327273	385.6502771	433.7891537	2480.117682	7997.801747	13468.61379	6890.384879	8039.432144	15250.53138	1826.88401	207.7291247	529.20408	8603.175673	271.1707807	3940.391788	10587.21359	19199.9315	1967.098253	259.9550283	214.6584556	1646.031602	15543.666	2920.408372	3327.433745	1543.617255	4771.473	0	6290.785462	2750.596139	1835.673593	2426.05358	19771.40589	8558.018802	6758.643278	169.3963927	12133.18076	11677.27868	13003.2551	12951.27826	11675.67756	350.1140231	409.7872203	11337.05105	10487.22058	10045.26831	3539.979394	1638.771769	647.1537816	521.1428136	15452.00192	13991.99735	5583.179495	407.0197511	16333.70696	13683.9277	16487.16045	14367.32326	15376.52517	11376.88466	125.9928462	359.7772504	359.7772504	4665.160127	4420.684997	636.5615685	4729.74	7308.949473	10184.99844	4233.312265	124.0941585	45.09579832	73.83653867	13956.60081	16698.36538	10760.69529	16141.72997	12939.15133	3390.823812	707.46481	16233.95969	15631.82196	690.133131	232.3753844	5455.182975	8316.051689	7853.210481	7400.954375	7400.954375	2048.328215	2048.328215	2048.328215	6619.090941	7765.443625	6619.090941	5850.967294	7400.954375	8091.597951	8091.597951	8091.597951	68.21923044	13336.88253	857.7637982	374.3270259	13831.56951	16821.48042	15793.58711	16118.44724	15895.7486	15212.06331	13988.34242	9802.866091	11195.18647	16.81482314	10966.79109	7480.665355	12743.42434	8194.893809	6142.632493	482.3852498	10760.64968	15212.06331	15363.57948	7414.879125	0	11239.14841	65.73731785	13575.17005	12518.45111	13122.56049	450.839085	9684.55	4667.155062	5643.573595	4314.207947	13721.44192	15453.18198	2749.852272	9963.303629	517.5641725	1065.398812	10129.48418	12620.79914	12238.38414	2258.922702	1466.892644	2253.337893	122.1861064	148.8327273	13163.03808	10647.5766	2048.328215	4327.923084	17381.40664	2564.066372	336.436881	1027.071688	11461.49523	4001.165897	14938.66904	9931.355097	15660.51919	1278.61973	603.408853	3383.01352	393.4109894	15161.07974	7364.383919	9949.537022	7187.004383	2311.025392	10382.89273	7367.252586	11916.32962	725.5075216	2788.970322	7530.669781	17026.01393	7849.890214	16885.9522	7849.890214	10854.6917	12932.47761	1294.498522	410.75	15525.63203	9161.42301	545.1554397	10619.84384	207.049657	14711.44903	3858.018664	1341.482703	167.5	0	207.2394701	1026.870868	76.55282624	11052.74911	136.43	10261.97708	11303.84598	18778.31349	15635.42722	12507.21938	47.8358066	13263.13197	6360.713911	10282.58476	311.9418343	4202.284141	4180.144379	4751.839501	12939.15133	199.8367731	281.2431147	628.0749948	251.4214945	34919.68949	11508.37592	7638.074769	782.0768254	203.7216409	2016.816939	9318.856241	14771.36601	156.201737	11205.90408	11205.90408	16025.60847	12167.68925	11120.54562	9041.18657	468.2353394	8418.398904	11392.87903	483.7579077	9194.659241	10937.28795	9647.505581	11242.61628	13839.59034	479.7964564	6168.419293	13764.90746	13285.07754	12926.58865	15247.32432	2122.903852	1063.862999	15250.53138	148.1298357	1659.44056
Plate4_1184R_0_M_NS6_week5_S4_L001	10087.82788	272.14	3503.455105	8958.193056	13180.62254	1015.917945	497.9856807	369.031805	9114.343887	8463.392982	9547.86621	9424.444031	304.9294623	10618.40909	12049.41077	13265.09831	1491.037847	9114.218293	8892.48512	7528.435292	10421.11826	10821.91031	13351.19631	615.3200596	1293.422123	765.8179982	12447.92925	9722.541471	7183.96688	10026.80939	6167.41336	6540.696342	9902.256138	4636.289173	9931.296963	0	5771.861602	2681.788199	4636.289173	11416.52888	17181.33498	10655.30096	9084.674969	11572.64657	8518.853877	900.536594	11590.63421	8737.346192	1693.028997	1036.714482	410.3699106	296.88	404.0828057	600.4304795	3193.157688	5212.735865	10359.93026	4664.412232	5390.243759	12150.87057	2842.898047	152.3125164	977.6609494	5987.362431	514.8621712	3118.803779	7702.748206	15385.78072	2037.37849	497.9856807	394.1448268	2675.686752	11720.42243	2777.067982	3183.73131	1854.205962	4706.551961	0	6413.415033	2485.71079	2369.494327	2606.830503	14947.79236	7718.53479	5613.404022	130.6313896	9026.457873	8787.725587	9728.665828	9815.271873	9644.834333	469.0057961	542.1801845	8655.213061	7802.130398	7483.747138	3363.758768	2447.992235	1104.405611	391.5732004	12029.92875	10825.10993	4423.052813	686.0375324	12661.75085	10671.22859	13130.86469	11380.64029	12310.01412	9264.603274	97.79270877	532.8919606	532.8919606	4470.720383	4279.724593	451.9581391	4026.2	6340.429711	7209.355026	4192.251626	86.68562824	29.45533769	49.9482068	10759.20396	12210.85659	8073.4371	13082.04512	10098.10123	3496.595901	859.258699	12726.95888	12186.53133	948.251498	441.1867768	4760.018429	6492.770766	6259.590599	6024.056562	6024.056562	1826.136959	1826.136959	1826.136959	5601.892468	6229.146683	5601.892468	5065.001023	6024.056562	6373.620105	6373.620105	6373.620105	45.62979744	11287.14192	889.598452	552.11326	10337.09918	12807.20233	12155.91013	12123.03453	12323.67833	11926.79627	10806.02923	8203.710331	9224.005084	0	8117.446265	5276.246289	9996.408816	7766.373598	5791.023531	332.888048	8072.582987	11926.79627	11671.0442	6980.620406	0	9595.282264	90.4710656	10249.69585	9292.403273	9862.148687	807.3993339	7093.15	2362.681775	2600.610385	3751.485038	10220.24663	11449.47153	2174.212788	6151.236447	991.8713971	1843.623557	9670.169523	9808.831025	9538.084043	3623.797186	2543.655436	3602.986372	98.6032591	296.88	10100.74966	7933.98463	1826.136959	4187.519436	13052.19394	2323.559321	520.7795305	1541.233527	8553.59589	4895.99772	10984.62593	7824.327343	12250.30237	1955.418713	474.7535479	2037.787591	765.8179982	12104.39352	6379.909263	8010.758986	6093.436847	1818.090264	7490.687836	5995.838487	9208.938986	929.1099215	2241.523886	6579.489409	13516.68071	6675.150594	13457.81606	6675.150594	9027.29113	10521.36523	1413.484968	488.65	12293.27887	6807.9026	699.5619993	8809.85335	161.8097897	11469.85241	3719.121196	1316.072815	115	0	142.7265351	830.6867498	98.82234271	9091.039128	272.14	7326.35861	8266.515952	14451.38598	11900.80165	10106.68271	31.98853736	10445.78313	5475.669952	8783.99507	518.4893905	4104.760566	4079.004228	4586.196058	10098.10123	370.1064533	416.0438515	933.2794921	478.1732112	27290.85748	9305.794629	6488.029459	1095.314207	392.4328237	2448.110915	7039.660755	11241.97256	122.0511383	9375.248823	9375.248823	12238.45768	9306.716179	8510.746167	6561.03897	907.1348573	6740.468977	8609.496467	819.8174138	9162.247785	8253.217586	8450.812779	9018.958566	11153.41175	925.5069591	4210.614219	10218.23577	10101.83276	10162.61742	11851.32857	1865.841763	1132.368896	12150.87057	282.0159496	1711.623759
Plate4_1186R_0_M_NS6_week5_S5_L001	10164.31714	206.28	2883.118234	6976.897903	13337.02631	1459.787441	367.1101983	927.5907223	8718.815321	7822.54758	9194.465789	9999.186995	230.5151225	10358.03502	11768.25339	12660.58355	1182.824148	9352.643322	9223.763234	7854.365875	10059.52413	9177.358866	12844.84156	471.2167393	1057.613246	589.7325559	12305.65026	8582.961443	6033.650981	10305.6968	5180.849355	5557.439734	9179.20737	4062.761488	10023.12833	0	4583.348509	2299.767621	4062.761488	11449.95984	15441.8903	9267.339989	8333.923023	11968.11443	7509.522556	688.1603597	11522.01071	6931.362837	1305.33156	795.6316384	1015.376824	225.0327273	327.1386514	409.634704	2113.827634	5949.582056	10545.98583	5818.691056	6978.441291	11865.99263	2411.832468	226.2636701	770.0251603	7210.335962	391.2102128	2767.846133	8477.647256	14491.88284	2430.599624	367.1101983	324.8250755	1979.861025	11722.43509	941.8802629	1072.729927	1491.209614	3638.025833	0	4072.29127	738.0321801	2970.185497	2031.273872	14520.60027	6450.454177	5299.263599	383.2883602	9534.711673	9217.676567	9709.387039	10078.48845	9463.420655	772.3164742	807.1166071	9091.058247	7900.044626	8091.160715	3520.141823	2137.977717	883.1434267	1225.146931	12035.02219	10712.80236	3531.845746	588.8398525	12516.95525	10604.6552	12820.94465	11094.58452	11734.98303	8751.558791	116.3726226	389.5342302	389.5342302	4466.849613	4225.349287	833.5007449	3453.17	6331.617696	8376.706501	3999.09926	107.041767	37.58180286	62.3169986	10716.06379	12467.80962	8482.228244	11647.37309	10181.73204	2985.839329	1005.209185	12441.44047	11490.36119	582.7659236	308.0216164	4153.671754	6584.037792	6309.86458	6066.108181	6066.108181	1337.353045	1337.353045	1337.353045	5463.436119	6113.096958	5463.436119	4467.016682	6066.108181	6387.4801	6387.4801	6387.4801	58.66612397	10076.39021	736.8946965	433.109771	11485.85434	11702.34408	12247.48352	10779.86951	12720.67559	12220.18186	11091.90451	7466.713565	8657.477866	17.58236587	8800.523718	6409.217676	10059.38235	6255.939142	5091.280279	230.1414354	8480.19508	12220.18186	10328.93136	5878.061191	0	6732.190689	11.42323256	10479.84689	9616.271721	10136.9506	621.0596069	7777.25	4472.708339	5659.29306	3118.939806	10549.59093	11017.19685	1508.043786	7906.815259	762.5360037	1476.581012	6109.101212	9538.277471	9710.047924	2957.854387	2028.742472	2948.801858	170.5292593	225.0327273	10477.23758	8174.615426	1337.353045	3944.924835	14436.40219	1701.914003	397.8004646	1595.418218	9797.970314	5175.829495	12038.16498	7718.435705	11832.2848	1595.913868	1634.622213	2942.003758	589.7325559	11597.60128	5803.718312	7675.437798	5482.618156	857.7338817	8184.342239	5818.049036	9539.012771	523.1864484	1126.478245	6162.243976	13642.69364	5999.240573	12765.92646	5999.240573	8270.549044	10058.31813	1018.70671	754	12268.88446	6493.658824	501.2132723	8184.184074	595.4292231	10954.22092	3655.267461	1704.124482	78.5	0	97.40773203	2030.479892	27.65303577	8715.566306	206.28	8118.534133	9194.009275	14161.81485	10662.74109	9713.105444	41.14278753	10565.48306	5263.992987	8180.62349	386.9141691	3327.006955	3223.876799	3368.041292	10181.73204	272.5964812	304.4484712	646.3570662	373.7363315	25789.14872	8873.86529	6025.811222	690.8461238	280.365217	1886.021767	7547.711587	9986.038183	456.9747303	9149.840985	9149.840985	10923.73455	9565.757231	8974.425671	7545.976845	694.5168396	5461.529271	9110.549119	657.9038614	5525.352436	8134.293351	8676.182379	9240.255966	10466.84481	709.069666	4936.751473	11330.26905	10127.19392	10242.00954	11973.30281	1352.473905	1395.267548	11865.99263	211.4433009	385.2517588
Plate4_1186R_RR_M_NS6_week5_S6_L001	11458.63711	134.57	2605.977343	7924.685479	14834.2027	1127.999682	251.3101394	741.2235144	9094.621011	7649.406043	9754.062858	11814.41592	150.4324177	12205.71903	12928.58085	14248.91371	822.4921029	10445.93881	10266.42253	7360.464524	10681.00762	10274.65504	15188.8925	321.3425692	703.4203744	388.1215793	13986.02061	10250.67236	6603.689145	11441.17263	5442.040826	5265.935146	10903.13654	4062.498861	11342.65392	0	4594.498216	2293.861909	4062.498861	12990.95773	18028.45074	11111.16394	9418.430479	13222.50161	7880.637493	488.8426517	13222.85184	7780.43765	895.300366	527.2564858	864.2628287	146.8036364	302.6446851	331.2044032	2409.880273	7439.677161	11815.64171	7104.135469	8447.760781	13104.99332	1773.445078	113.3605429	521.2121273	8573.448977	265.9304659	2816.498275	9523.129998	16716.34491	2246.646395	251.3101394	213.5403472	1531.944618	13527.8469	1473.135688	1673.543231	1268.879183	3847.653701	0	4482.388661	1328.334704	2202.803166	1812.526065	16993.4988	6972.97419	6081.696716	280.3013065	10844.51151	10376.52527	11651.10341	11473.55571	9919.115924	569.321151	608.5688443	10059.03199	9333.24895	9033.591083	3399.923692	1561.554252	634.1304315	930.9296373	13574.47459	12253.56877	3917.439795	406.1377938	14346.28814	12208.66454	14174.5534	12337.64699	13146.41622	9653.012703	118.3748094	275.4686278	275.4686278	3930.608988	3696.999773	840.6788787	3149.1	5731.603324	9905.942665	3227.443512	115.5925498	42.72418808	68.97847491	12653.55571	14997.1583	9719.522967	13109.18956	11220.96458	2341.3983	800.8915087	13903.79073	13634.80192	439.0805354	204.414092	3919.554361	6856.890042	6508.537599	6028.465411	6028.465411	1462.499875	1462.499875	1462.499875	5227.624451	6202.319657	5227.624451	4252.460427	6028.465411	6593.223151	6593.223151	6593.223151	65.93275827	9547.832135	678.2742021	341.6701716	12831.55022	13802.20464	13823.8705	12918.02331	14029.76071	13358.33131	12461.38969	7654.628668	8999.375578	20.48021047	10046.15163	7744.930256	11167.19571	6429.459869	4799.663878	293.334095	9723.772677	13358.33131	12297.98103	5716.99951	0	8386.959374	6.464442279	12006.69116	11188.37291	11644.02485	429.7578876	8683.66	4326.306627	5407.183556	3726.581154	12034.08983	13073.76647	2154.672653	8975.399166	508.5459447	1038.377584	7506.014526	11147.52209	10722.05026	2169.113484	1424.108831	2163.280155	0	146.8036364	11681.00554	9386.114515	1462.499875	3346.965768	16302.34861	2161.1163	269.2995262	1124.639368	10765.56065	4187.706502	13536.66783	8974.339036	13173.44532	1211.893348	1192.160635	4154.484268	388.1215793	12909.17626	5835.08243	8096.232433	5479.849354	1677.002908	9690.048861	6085.105667	10545.10413	457.6983571	2037.85319	5891.128779	14829.78508	6029.195041	14253.51756	6029.195041	8580.165196	10664.01991	886.2297003	489.9	13617.34357	7244.913453	400.7096233	9439.208599	425.5929319	12588.69309	2964.99511	1607.831344	100.5	0	124.5957318	1662.125625	25.28938907	9101.015456	134.57	9777.02142	10635.41236	16178.2311	12625.43414	10326.37937	46.2401368	11556.37646	5825.391664	7747.3894	272.6843903	3405.579501	3363.550271	3695.549242	11220.96458	186.5295429	251.9047267	432.7258768	250.2726044	29949.85541	9376.221909	6109.03288	524.0791635	185.1906771	1539.913324	8555.410039	11837.9429	323.8253812	9366.964856	9366.964856	12935.75209	10653.16035	9853.566853	8342.894074	460.4919101	6268.133289	10218.80936	473.942724	6461.306349	9690.952286	7726.829225	9439.011262	11113.54012	470.7710327	6449.013586	12572.73812	11798.32779	11305.99278	13227.83457	1499.823711	1254.816722	13104.99332	138.1368713	569.5440355
Plate4_184R_0_M_NS6_week5_S7_L001	9923.580083	26	1162.958055	7283.399014	12972.34675	858.1641015	50.93835357	961.3235098	8521.117917	8279.550537	9290.15673	8881.567144	30.50085171	10474.97813	11774.6809	11659.35502	176.3553723	9308.47792	9050.24502	8059.738016	10162.06317	9346.388463	11631.1766	64.32331797	164.9779662	77.32712956	12114.90474	9203.165185	5588.001804	10019.65747	5354.921458	6236.1947	9191.116439	3645.014303	9617.05595	0	4269.616391	2386.003444	3645.014303	10699.76636	16003.63053	9780.15242	8732.855253	11454.56951	7159.582614	101.3931485	10852.60415	7259.591559	184.1436865	103.5030251	1027.977558	28.36363636	165.5031967	176.3338832	1633.0836	5296.794156	10363.54581	4226.057425	5995.754519	11777.49261	396.8929162	77.76271345	108.6260442	5538.981309	53.59263169	2968.354082	8233.42713	13778.29484	1943.34748	50.93835357	49.08834044	357.6281066	11758.8681	2329.29459	2665.532364	1147.783093	3394.762632	0	4285.273957	1822.714312	2181.371613	1594.756463	14324.40434	6128.899168	4674.473955	359.9891472	9270.155965	9058.452528	8588.612025	9650.753664	9667.438362	423.4574742	453.7795463	8952.544303	7341.917558	7786.598803	2143.233308	385.2098458	151.7498964	1131.57454	11785.28809	10232.85	4248.888775	351.2698569	12103.34598	9766.385141	12726.9852	11025.03956	11776.95199	8476.54699	44.23912145	136.9901719	136.9901719	4897.102033	4666.289007	483.5891375	4575.77	6932.381773	6708.945728	4821.910255	51.45884556	19.22114398	31.30078966	9802.699052	11397.90969	7878.866562	12440.65394	10152.45712	2688.259775	755.595409	12673.54937	11029.29345	440.8258094	49.34425062	5013.699325	6807.134478	6463.486408	6354.340755	6354.340755	1368.868927	1368.868927	1368.868927	5869.204074	6465.010632	5869.204074	5321.982109	6354.340755	6678.374682	6678.374682	6678.374682	27.25618659	11250.97643	393.7948659	88.04097215	10575.44585	12439.78721	12082.78365	11769.74669	12445.17989	12071.91056	10733.8308	8390.020609	9458.151282	20.40799692	7930.781642	4873.019642	9952.01015	5946.319355	5409.992661	453.4865885	7865.397163	12071.91056	11342.84546	5419.770825	0	7408.330657	49.15717063	10022.53161	8942.494023	9642.997065	98.6776892	7605.87	4273.53429	5386.463971	2532.142682	10019.76962	11261.34317	2222.414795	7328.425633	102.6373778	225.6053577	6510.558944	9267.156924	9489.953871	495.5290129	303.6197201	495.2407024	0	28.36363636	10199.16666	8223.472714	1368.868927	4557.079352	13190.87132	1436.944004	124.821492	925.3201165	9261.246346	3494.779969	11612.82276	6816.865326	11933.90969	291.792262	1565.146393	1422.401135	77.32712956	11548.21839	6534.04478	8169.913841	6390.103209	1316.781448	7135.355394	6052.536103	9411.931492	573.6681155	1691.982005	6990.967957	13627.3265	6908.876638	12859.92819	6908.876638	9131.252794	10659.81011	813.483001	608.5	11743.85734	6886.011495	256.5275951	7600.420934	567.817717	10517.27612	4290.218224	1177.474893	158.5	0	195.552572	1853.31944	40.65822785	8511.685148	26	6238.32762	7996.58651	14114.47341	11582.4166	10226.31333	19.09604204	10477.9162	4962.133963	9314.556925	78.75754941	3082.808241	2984.434738	3246.031506	10152.45712	40.87188649	65.82132959	271.7313234	58.58034285	24902.61352	9549.906667	6672.403285	467.4290091	41.83236446	1066.023167	6834.901513	10965.77254	435.400139	9442.469126	9442.469126	11858.70437	9433.71652	8917.131994	7014.610001	90.54409536	6021.759646	8918.790248	113.6647219	5939.629622	7426.403873	9502.439631	8578.160838	11003.1227	93.07217676	4757.088575	10917.62687	9460.103476	10133.74582	11849.63763	1403.950499	1087.52289	11777.49261	30.99539734	1344.601036
Plate4_2403R_0_F_NS6_week5_S8_L001	11675.77101	124.57	2738.237416	8957.305747	15258.53643	482.8066655	238.1593581	127.5382361	10157.60457	8824.956456	10508.65049	10853.10066	141.242339	13730.72073	13615.10099	14174.46418	742.0309612	10828.32152	10610.7918	8206.166754	11508.32695	11077.14608	14692.00179	298.6224357	680.0996697	351.9798342	16151.30832	12779.55603	6960.04266	11453.47671	6702.556914	6907.987851	11962.47776	4107.103995	12002.8536	0	4545.172264	3105.909114	4107.103995	12986.54492	18556.19737	12713.9898	10037.52802	13348.15796	7183.793093	457.3883883	13243.58503	8780.498439	841.105889	489.1121255	117.8324235	135.8945455	308.466527	358.8673781	1908.275148	6821.532915	12275.42932	5297.710696	6165.219394	13573.29536	1673.287005	77.66015935	478.7651393	6845.993291	244.6568065	4604.637063	9857.790338	16706.58495	1153.489714	238.1593581	185.2799004	1530.412065	14377.41549	1377.285903	1567.979207	947.6619532	4192.769593	0	5546.879353	2218.148533	949.8656665	1544.426728	18060.2439	7089.827427	6762.444399	22.38245783	11129.80792	10715.35598	10987.362	11132.45945	10881.47386	203.2169642	248.484979	10300.57712	9088.4664	9412.60268	2357.316658	1495.975504	543.1917067	68.15792175	13905.68199	12202.99555	5276.141044	320.5209287	14605.77555	11646.45657	14701.42829	12875.5099	13873.51474	10249.23042	71.6702502	325.2710236	325.2710236	4659.692505	4439.241697	29.79975123	5640.56	8013.188156	8258.549914	5125.338614	66.05968459	22.59168174	38.08903387	12474.56723	14181.60329	9391.887173	13972.1587	11741.2093	2651.315609	368.5662942	14526.73882	13544.90006	507.2082367	205.8698403	5475.918889	7916.793911	7345.456645	7345.456645	7345.456645	1487.622423	1487.622423	1487.622423	6709.034978	7445.156583	6709.034978	5832.629708	7345.456645	7732.363029	7732.363029	7732.363029	34.77437868	13355.021	701.5077531	326.8912858	12448.23806	16397.71021	14302.27598	16228.89401	14175.51489	13610.07265	12550.72408	10190.0281	11230.63353	0	9076.983354	5848.788808	11461.31004	6288.446552	5835.813412	205.690618	9380.526951	13610.07265	15514.99204	6575.021079	0	10225.5736	15.76201795	11693.14255	10519.39696	11181.62496	379.2690815	9065.34	2100.162805	2347.42546	3959.318838	12381.54142	15015.38455	3001.082844	8918.232897	462.5606102	936.9316198	10081.09319	11085.85664	10754.1814	2061.649201	1340.465737	2056.343458	0	135.8945455	11823.93996	10089.32153	1487.622423	4743.501312	15777.28001	2180.761291	288.5533044	620.775275	11065.59716	2615.785681	13693.31482	8893.807529	14541.73386	1070.226364	15.58421178	2452.871954	351.9798342	13559.56377	7589.527035	9816.885053	7803.291613	2526.752397	8634.628352	7160.768134	10719.85399	511.3672042	3054.397107	7890.976932	15145.05321	8475.056967	15043.96363	8475.056967	11044.96262	12510.86417	821.157668	203.7	13899.70316	8391.644888	360.3887516	9325.933726	5.198904096	12323.42331	4346.588276	779.6285393	70	0	87.0355908	32.77835506	18.652392	10146.25146	124.57	8108.550953	9288.65132	17325.41703	15629.76329	12124.61847	24.36577344	12133.03687	5732.987136	10105.22255	284.0453366	3329.052505	3382.108857	4302.117953	11741.2093	170.7750006	244.3194331	526.0230007	220.477413	31869.47513	11294.1872	7754.33835	584.6891498	182.1004887	1503.856369	8533.12509	14984.60237	3.899821635	10591.87571	10591.87571	16038.16216	10335.44351	10065.11484	8474.6894	427.4915706	7657.224373	10432.99824	406.2265452	8283.332486	9116.943521	10966.61796	10593.88499	13378.85682	438.6497983	4906.915463	12789.26558	11436.73187	11529.86206	14165.72403	1504.38104	607.690745	13573.29536	134.8769083	721.6880663
Plate4_2476R_R_F_NS6_week5_S9_L001	10663.56083	112.14	2600.734972	8702.66149	13666.96615	448.6954636	211.035718	227.7951444	8933.124237	7719.701015	9340.924647	11056.18555	128.8058425	12281.54519	12594.03618	13838.64236	706.7578281	9548.145107	9336.535958	5669.286813	10217.66759	10902.2953	14529.39628	271.2477044	621.1508837	325.7046312	15219.35142	11626.25954	6482.390397	10866.90412	6543.792417	6111.518407	10934.36873	4883.370686	11221.21718	0	5347.903944	3261.108282	4883.370686	12175.35916	20224.59187	11459.06907	9284.20334	12117.7289	8827.829088	417.3509937	12241.71014	8438.574187	757.5819266	440.2820962	109.342446	122.3345455	384.9337875	434.313724	1766.731894	6992.477912	11140.035	4914.367044	5531.943838	12836.21085	1500.072069	167.1336996	433.3386973	6283.026132	224.1354999	3993.472526	8601.948226	15919.29403	1287.901253	211.035718	177.4791827	1300.520045	12705.72501	2969.507109	3376.39887	1850.810229	3831.348553	0	5559.531893	2388.145624	943.3026246	2239.080144	16338.45091	7310.434053	4524.290154	57.20210394	9746.916633	9388.140776	11104.11159	10863.31598	9590.624004	184.3412956	231.0672941	9282.226674	9032.835302	8481.949253	3595.051101	1304.741257	548.4771573	168.5927554	12925.59811	11841.65453	5119.995295	350.271917	13763.28142	11656.60659	13864.5547	12054.2569	12791.57638	9323.412875	119.122643	366.3252973	366.3252973	3672.641152	3466.107128	150.7077135	3902.07	5047.574989	7641.772606	2633.449908	120.624837	43.64706598	71.65025369	11725.26034	14343.02512	9032.109557	13755.847	10810.98878	3550.045651	570.4145489	13423.38201	12861.64319	705.2136799	196.0724035	4350.393468	6652.757147	6366.770102	5677.793753	5677.793753	1720.008299	1720.008299	1720.008299	4988.221809	6182.168312	4988.221809	4674.805835	5677.793753	6469.145728	6469.145728	6469.145728	65.278626	11230.39681	831.5939727	322.9367704	11268.54305	15501.76172	13333.81559	15356.27016	13288.95855	12709.69362	11718.10699	8341.661982	9353.131106	7.958396808	9637.498822	5568.553717	10470.63487	7950.891484	4565.442271	565.1927297	9037.74326	12709.69362	14567.30876	6499.430604	0	9012.655045	15.75006014	11382.96079	10639.36447	11010.48452	392.1529865	7844.79	2772.533565	3137.135116	3627.079196	11748.5498	14154.645	1539.457538	8227.841772	430.1784871	893.758729	8399.243898	10261.94904	10297.71228	1855.352646	1204.628674	1849.716544	78.62752383	122.3345455	10873.71886	8455.851852	1720.008299	2851.775178	13892.15708	2363.995225	328.6806041	593.0985091	9073.567314	2469.549395	12212.47705	7675.984328	12901.21184	1060.803236	85.26878202	2527.396107	325.7046312	12801.01586	6010.277402	8376.98935	6109.641938	1256.484442	8748.524661	6077.968672	9786.444476	731.520726	1600.293765	5798.73521	13949.07503	6687.27544	14293.86775	6687.27544	9235.869929	10735.52309	1303.136177	345.95	12936.00813	7984.68824	451.6744492	8656.483087	28.56541553	12573.74276	2912.62186	870.3476268	199.5	0	245.8297477	174.0004636	24.15003696	8929.036567	112.14	8639.030763	9905.521594	16325.82288	14659.57048	10514.40119	45.78672358	10802.01106	4895.135261	7584.666034	281.1573466	3735.165881	3619.819435	3668.361058	10810.98878	166.1108706	243.4895512	576.5195312	203.1179245	30078.89345	9597.676997	6243.762741	777.8974422	170.5433919	1914.616241	7657.969891	13974.25678	21.44450788	9110.853421	9110.853421	15046.04712	10182.22505	9057.810795	7165.296224	384.9027502	7982.428174	9211.497691	410.0935203	7194.762121	9543.393971	6408.420682	8363.845553	11470.42229	394.4488579	4671.072603	11140.55824	11269.09196	10763.38367	12498.00119	1796.685552	682.6975177	12836.21085	126.5065042	1906.771179
Plate4_2562R_0_F_NS6_week5_S10_L001	11022.54105	240.57	3504.558281	9609.171009	14340.40377	1561.301846	432.9001219	1233.982159	9749.369327	9090.34208	10327.17256	10963.21278	270.2198	11606.0638	13064.56562	14602.07423	1418.518808	9827.800983	9596.263386	8151.520532	11264.30622	11725.54847	14825.19445	557.216825	1198.847002	692.7346774	13849.38256	10615.47138	7677.542638	11251.86406	6491.141842	6872.543843	10723.69832	5715.085736	10938.43948	0	6459.414297	2718.688268	5715.085736	12487.44845	19318.26191	11270.2728	9268.638805	12836.10465	10172.77395	826.0987586	12826.24821	9339.298211	1528.942576	923.9230825	1305.920856	262.44	452.3506851	575.8960545	2610.5353	6150.409143	11193.95451	5112.6411	5837.87468	13358.85266	2678.446055	142.2980866	886.7243841	6532.402174	462.3852396	3044.786824	8277.129562	16683.22502	2902.522023	432.9001219	382.6957041	2310.353808	12461.45077	3497.03839	4007.092205	2425.645715	4955.069022	0	5698.215189	2455.10697	3505.763371	2931.610022	16025.20318	8490.883343	5394.865489	443.4268867	9672.520395	9439.662753	10931.84897	11155.55778	10364.29902	777.8052149	856.4135152	9510.879689	8953.794614	8014.079523	4491.117481	2376.463092	998.2407351	1369.968612	13307.70869	11956.79739	4625.801922	720.9477965	14010.66493	12206.90485	14374.47815	12344.36966	13274.63253	9883.233272	101.2970851	508.7776063	508.7776063	4942.792966	4696.826203	734.1297686	3563.24	5955.621401	7900.580145	3644.658875	90.78542466	30.95141595	52.36510475	12118.83791	13843.51983	9201.071245	14279.63209	11164.27511	3747.240117	1340.724554	13941.07374	13368.73014	871.2273294	392.485099	4752.838357	6824.567741	6700.601655	6088.161564	6088.161564	1924.453795	1924.453795	1924.453795	5539.372768	6496.029014	5539.372768	5091.652235	6088.161564	6675.423685	6675.423685	6675.423685	47.8893689	11030.36558	994.3732898	547.5681064	11685.57296	14269.6466	13497.4404	13518.62365	13818.51584	13358.21785	12130.15978	8554.097129	9715.365875	20.70284703	9761.338546	6125.969139	11020.66234	9460.704554	5699.651177	558.7840363	9208.013362	13358.21785	12974.32571	8008.858771	0	8966.277502	65.25785734	11598.63016	10731.97718	11238.4212	779.3488596	7585.56	2838.249863	3122.623365	3893.93333	11326.86366	12696.19224	2116.764662	6634.115889	900.3463689	1767.250843	8403.584911	10920.8364	10735.35112	3412.908482	2340.32926	3393.390422	22.88035855	262.44	11200.1579	8266.92554	1924.453795	3775.211355	14535.16986	2674.119892	502.0199071	1907.764661	9352.282594	5795.007986	12057.44688	8347.161593	12732.90919	1970.615197	1886.239015	2647.883924	692.7346774	13050.54969	6595.352239	8557.703368	6240.736793	1017.267055	8796.087993	6447.13405	10243.23337	859.4337593	1335.124573	6545.756245	14968.27536	6877.618202	14784.07637	6877.618202	9493.745204	11232.12985	1543.660295	751.8	13447.47748	7237.563859	682.4048508	9603.043098	681.0080733	12938.08875	4319.551832	1918.707854	196.5	0	242.7453971	2378.153127	85.9577772	9733.582851	240.57	8854.785633	10030.11257	16069.27753	13224.58367	10867.81855	33.57001359	11229.65899	5715.472503	8462.047266	484.7072815	4774.133141	4579.052714	4595.528806	11164.27511	336.8071599	410.8091311	854.7327445	435.5949189	29685.70887	9871.791308	6764.773637	1007.364712	348.4742127	2493.553962	7671.611586	12474.23601	522.3469043	10069.0022	10069.0022	13600.53644	10661.92173	9383.440456	6934.956823	807.9918369	7390.26809	9420.363563	742.7423783	7740.621948	9427.428771	7750.140679	9223.702553	11300.42766	823.9540615	5038.497109	11221.7405	11249.00203	11317.99194	12561.55747	1988.498867	1668.724645	13358.85266	251.7250168	2225.622402
Plate4_2562R_RL_F_NS6_week5_S11_L001	9910.269508	54	1814.674126	8564.808693	12703.67662	316.3843133	104.9068657	168.80079	8432.392176	7436.71566	8849.991296	10261.37666	62.62257132	10655.59938	11743.34429	13383.43755	359.1505494	8757.480957	8599.722249	4896.718375	9667.364669	10570.37897	13888.21972	131.0927591	348.3581291	159.297232	12798.96907	10001.63525	6615.579671	9970.978905	5976.014832	5820.895192	10130.57795	4861.928683	10176.82186	0	5606.192479	2597.825708	4861.928683	11161.01008	18672.95482	10894.70125	8555.515594	11143.22935	8972.834121	206.9652604	11308.58417	8252.108578	376.1055042	213.893536	148.7307834	58.90909091	188.086582	246.138043	1033.892983	6142.727413	10279.70954	5131.395558	5855.637276	12021.76629	779.2901216	195.7606362	211.1984935	6370.480073	108.2572948	3006.913406	7501.746068	15514.04197	1121.700287	104.9068657	89.17859679	708.9881509	11568.96624	3476.851219	3989.346238	1845.427259	4067.94552	0	5450.252478	2794.001634	674.4798895	1569.191557	15036.8578	7325.714527	4854.962335	37.52151261	8811.502938	8501.588351	10360.13515	10060.84061	8821.066637	124.2159636	161.6569841	8414.970669	8034.063863	7252.329731	3526.691085	724.1762099	567.9023799	105.1235539	11884.28962	11025.33137	4515.900421	222.4183722	12691.29079	11061.27055	12967.09354	11256.64592	12001.56009	8770.684574	43.99489272	220.5927492	220.5927492	3436.06916	3256.563959	139.4027163	3327.24	4266.460488	7628.583934	2490.534045	42.42287274	14.63540727	24.72951004	10667.72697	13500.29151	8410.248998	13225.08254	9916.865055	2845.478142	376.9517033	12599.47071	12237.22068	618.1831351	100.0244585	3880.393456	5921.685934	5762.411703	4935.575658	4935.575658	1426.779279	1426.779279	1426.779279	4333.936436	5551.624972	4333.936436	4177.680285	4935.575658	5763.345407	5763.345407	5763.345407	21.89078247	9436.768988	434.5373245	155.8028856	10219.70353	13158.16426	12100.59892	12657.89361	12215.49727	11720.48822	10783.57472	7162.934379	8234.599059	0	8719.592669	5624.278935	9740.089311	8243.147473	4108.678859	411.558649	8417.074701	11720.48822	12046.58579	6798.662789	0	8944.071771	39.15349963	10503.95924	9880.813474	10193.57476	201.9765555	6832.58	3178.082811	3583.044794	3785.316018	10678.52734	11868.87439	1979.10822	7389.389512	211.5661821	457.6589948	8390.635425	9648.124749	9458.887703	976.1507694	611.2673523	974.5945751	233.9441331	58.90909091	9967.634261	7527.497039	1426.779279	2412.728038	12674.67698	2270.159366	197.8834609	390.8147367	8134.347216	1700.517281	10817.76103	7596.376885	11781.0977	568.2662174	102.4240014	2730.165341	159.297232	12009.27134	5356.730481	7386.142335	5168.985333	1657.654248	8329.037315	5492.088756	9009.19669	759.9704641	2001.286499	4933.630198	13222.47049	5649.684199	13225.77104	5649.684199	8004.693953	9640.43086	859.3832248	333.05	12222.1536	6829.631143	619.7779984	8548.390032	34.34616643	12218.08466	2582.596283	770.049607	143.5	0	177.7269808	207.5690393	36.82310469	8423.653623	54	8764.620284	8958.274416	14505.16024	12228.00459	9341.368854	15.33472593	9824.677083	5047.597375	6357.853294	149.6549598	3881.933503	3807.430855	3874.542062	9916.865055	85.62092643	117.3868238	376.1075783	95.7665838	27134.02132	8526.698823	5570.562044	663.4738835	85.45732164	1275.103206	6977.728515	11541.51246	25.79155364	8452.938403	8452.938403	12573.9147	9571.370284	8162.483862	6374.00354	187.0979242	7010.529665	8280.297344	424.3310148	7788.460256	8994.120212	5323.764727	7294.578659	10247.88704	191.9722215	4893.790633	9911.585826	10451.15337	10015.37154	11463.35917	1485.114454	591.2763385	12021.76629	62.56287774	2237.283967
Plate3_096R_0_M_S5_week5_S4_L001	10987.73308	259.71	4370.747898	9628.887331	14630.51126	1293.496668	0	611.4308838	10391.36098	11727.92178	11266.76362	5492.943885	288.5666667	6554.791457	13461.21469	11719.42594	1420.322505	8680.589559	8144.501145	9700.368122	12279.0946	11314.3166	14530.47375	561.688855	1530.908894	1021.829543	11675.77835	4439.314944	7919.006807	9490.121131	5551.894755	7992.943547	6237.536475	1956.52435	8179.658785	49.86565883	8477.60933	1330.175751	1956.52435	10929.26534	7392.221551	6813.414006	11016.79563	12558.85962	7608.039963	846.1018171	11432.46679	6438.920253	1619.615174	981.568114	592.1149247	259.71	341.2585827	390.6494935	3934.169142	1966.146212	10909.30148	5653.726949	10700.48621	13439.73336	2674.0623	603.4300316	915.7700155	7557.119853	515.8464375	2991.478669	7516.759	12602.58028	3645.821693	0	0	2526.632931	11392.57457	1792.390188	2245.187259	2204.94374	6221.476616	382.4828425	2163.922123	431.4738348	1877.96279	3567.970195	11987.537	8489.666337	2768.483576	2070.653767	9035.992019	8522.963602	4634.344338	8380.25404	11400.34547	660.6966379	694.668867	9071.565324	4183.162901	7789.795602	0	0	3043.31443	930.2211322	11973.82324	8165.502604	4036.590615	1909.463265	11801.82163	10334.09837	14352.21762	12527.43292	13393.86532	5173.392291	0	726.5196377	726.5196377	8121.593902	7994.219594	0	1018.28	10788.22167	7944.386527	8164.546073	583.0416616	359.0422557	482.2460669	10176.61893	8513.541464	6600.244951	12042.87771	12467.05662	3968.512204	1547.204681	12923.92024	8838.738656	315.4648086	330.8008921	6266.046523	7262.206788	6726.319912	5769.443921	5769.443921	3107.675221	3107.675221	3107.675221	5112.362476	7034.19511	5112.362476	6566.622463	5769.443921	7221.272701	7221.272701	7221.272701	345.6786263	10109.57399	802.5625397	0	5727.859624	7395.918986	12195.44269	5713.439587	12809.22514	13046.42498	10640.05454	9857.818389	10804.4547	0	5271.074376	3466.178661	10814.09534	12216.69097	7516.271686	1038.110767	6542.659294	13046.42498	5817.966974	7222.363816	531.9296533	4881.709788	28.67411618	8520.688151	6952.853757	7960.109289	1098.411613	7099.4	2281.081492	2348.897646	6227.585979	4745.4471	6195.51423	1924.297872	0	1976.728151	1755.15827	4340.396454	6895.15542	8941.751729	3666.189326	2517.104974	3666.189326	654.8519352	259.71	11301.52448	7458.36523	3107.675221	7902.261398	12163.26339	2776.451255	457.7849899	1224.127219	7555.451379	4254.787864	11619.11059	5549.872853	11034.75405	3068.655664	1613.986493	0	856.1214028	17166.86092	5808.871326	8628.430446	7802.300042	1667.422013	4350.360962	5203.031107	9956.567304	708.7682236	2161.170404	7394.87901	14630.62702	8335.841047	14098.85167	8335.841047	10593.05167	11900.18906	2335.170199	5186.35	7481.160974	3797.104977	1434.322468	12496.28288	0	9903.794842	7224.746625	0	386.5	338.5203111	464.5015708	1408.74773	382.590725	10324.41642	330.6588479	4334.012143	5230.053898	13491.30849	6303.268423	11111.75969	244.5401838	11410.12687	6668.37067	7189.959443	553.6247976	4182.684037	4289.193677	4510.210116	12467.05662	388.2126535	0	761.8766893	456.7586251	23955.47741	10556.18812	5762.678574	404.7687921	313.6307487	3130.097377	5846.238131	5704.569202	67.73443316	10863.05671	10863.05671	6526.956907	7590.931035	8545.305798	5238.476065	4865.176063	5205.180212	8650.195875	1913.21545	3924.81452	5959.624096	11036.79156	8969.397688	10777.91584	883.8420119	6868.358463	10191.74903	6473.255284	10717.1293	12421.76717	3120.157747	2127.566197	13439.73336	0	0
Plate4_1060R_L_M_S5_week5_S12_L001	13177.68297	476.29	5551.606632	10030.46623	17224.94103	2556.12763	0	557.8946824	11578.29158	12917.47612	13032.83139	7523.882226	529.2111111	13989.42402	15518.88884	13742.17502	2150.865427	11569.23277	9837.226944	12857.77562	14250.07281	11672.55654	17876.04339	913.1974738	2442.231527	1581.799414	15838.48116	7512.491914	7991.451159	12144.72793	6797.071108	9274.685217	7677.051357	3411.013558	9084.550368	0	6858.296841	1787.451739	3411.013558	13927.53827	14010.33327	7532.88336	13159.21944	15161.03367	7888.956147	1570.224488	14028.01714	6331.505841	2681.658355	1773.791828	464.1489645	476.29	618.8066581	677.207568	4884.606538	4273.017444	13230.36294	7013.675302	12312.85113	15315.98979	4555.544947	648.8310832	1646.597797	9456.299867	933.5164545	2306.860974	11121.97505	14043.66763	3259.006603	0	0	4124.534083	15225.16516	1457.8698	1694.167078	1451.018355	5666.294196	358.1616826	3206.22109	8.654756978	3241.209945	4120.934381	16313.47112	7736.480563	4834.442331	990.8218877	12204.54311	11577.16809	7610.491145	9994.506862	13364.78784	862.8404865	1444.475908	11669.53875	7367.391314	11660.22756	0	0	3922.56079	998.9348877	15255.82215	11134.86544	2751.542325	1485.202623	15288.84864	10443.59688	16510.59716	14535.98923	14980.64619	8151.895092	0	990.2391696	990.2391696	8787.677618	8595.955158	0	601	13339.75344	10060.86878	10061.35688	725.5521362	360.2118459	522.7978869	13183.92862	10599.74217	8293.364228	15444.05041	14441.03448	5186.955583	1755.337427	15848.47229	11401.25396	501.5674277	611.4985142	8622.471476	10173.48494	9166.221953	9166.221953	9166.221953	2707.87704	2707.87704	2707.87704	8513.978517	9876.377286	8513.978517	8945.181596	9166.221953	10088.58646	10088.58646	10088.58646	382.4291542	13562.7654	1399.221986	0	11242.22781	15754.71209	15412.75059	14480.62633	15677.58855	15515.10348	13421.81453	13438.06056	14521.95334	0	7213.747276	6196.163791	12854.77275	10061.35688	7130.462748	856.5018683	8221.5659	15515.10348	14588.14199	6875.687133	526.2439561	6326.917463	55.73510723	10251.43597	8294.460509	9518.191558	1511.295968	10403.26	2224.229996	2362.848731	6720.052524	8065.189979	14684.98257	1942.906535	4.948361448	2506.416796	2610.23598	6689.370242	9117.607175	11414.73673	5742.625348	4184.51039	5742.625348	0	476.29	14210.29204	10611.32656	2707.87704	9012.658395	16409.83767	3950.780132	800.7902947	2106.208012	11888.18807	6776.577028	15400.75719	8227.431405	14912.01693	2342.457657	1567.141132	0	1417.116729	18022.43461	8989.898253	11106.90561	10976.74178	1611.01971	6523.021675	7772.2824	12195.05057	271.3703272	2147.213837	10573.45132	16993.75309	12451.80316	15721.95386	12451.80316	14139.47248	15565.64408	2782.590159	2644.66	8823.838733	7258.704111	1146.973618	14733.01377	0	13683.68026	8759.424651	0	309.5	296.0835212	373.2140037	1385.847726	537.444197	11539.63162	561.863293	5830.30719	7453.53579	18075.94264	14925.11256	14549.8252	270.2585631	14583.89865	7577.704025	11202.09533	912.3088137	3602.607144	3687.20926	4158.680749	14441.03448	621.3167855	0	1359.755355	833.186928	29201.23909	13759.23786	8665.21293	648.3532242	578.6455049	3895.441186	7445.437305	14256.34297	41.27499617	11991.02139	11991.02139	15336.2199	9279.891987	11278.79727	7758.639935	3837.461684	7051.416136	11784.81275	2661.933954	4436.976423	7175.613733	16502.95941	10928.32441	14280.29103	1587.564086	8575.586518	14402.33916	9423.254962	12770.11723	15786.35745	2742.072037	1836.561499	15315.98979	0	0
Plate4_1076R_0_M_S5_week5_S13_L001	13202.4077	413.14	5920.952282	11506.54477	17896.04296	2347.697028	0	457.3698185	11393.28751	12582.04522	12856.22699	9192.221737	459.0444444	14085.52316	16087.82337	15256.50889	2124.428421	11199.49205	10775.237	12094.04483	14029.78136	12891.13857	20511.55284	870.7311672	2075.014302	1406.370276	16453.71503	9149.154022	7951.907381	12748.72279	7489.823891	8039.84696	8188.520355	3841.325003	10533.59378	0	9406.436944	1859.92986	3841.325003	14596.63477	17088.4203	7898.436257	13055.01377	15923.25487	9804.076439	1422.952301	15126.8488	8083.260722	2453.412889	1551.558876	726.2579286	413.14	540.5742396	585.4181516	4568.917386	5543.284381	13310.89896	7654.980012	10189.48023	16141.36759	4154.169236	481.5689079	1462.079104	9622.516966	819.9748225	3283.175945	10584.68456	16175.84936	4554.503592	0	0	3538.416304	15246.43881	2073.625683	2444.78102	2059.585559	5358.733689	511.1878074	4210.315981	539.3361883	2769.766861	4792.012333	16615.61135	9401.041209	5942.633749	1736.292965	11944.46201	11299.64375	8625.057908	11536.04169	13220.71525	1155.146263	1312.167121	11637.99481	8853.835648	11169.64995	0	0	3609.921798	737.4943899	15645.14613	12379.27969	5832.007423	2038.307299	15588.78717	12531.95348	17296.11355	15152.84168	15890.59892	9265.745083	0	963.3752216	963.3752216	8022.159701	7676.346157	0	1658	12301.28204	10699.03446	8144.945247	579.2031134	279.9289766	421.2826282	14578.57171	12968.66765	9395.852996	15772.0622	14524.79819	5865.415425	2191.687232	15979.9635	12175.50285	450.3305564	535.9241813	7016.951545	9095.343047	8731.844105	8731.844105	8731.844105	4153.017693	4153.017693	4153.017693	8116.108353	8595.030138	8116.108353	7410.864273	8731.844105	8955.025382	8955.025382	8955.025382	285.8418047	13079.46946	1227.375337	0	12435.60495	16857.5839	16063.4458	15714.21753	16323.89418	16035.34327	13615.75214	12951.12346	13860.85506	0	8904.761747	5793.593375	13049.88211	11200.38166	8189.072932	1520.422332	9349.180455	16035.34327	15453.96217	7312.886118	747.7869142	6067.871399	37.59581618	11899.97545	10256.47118	11249.39063	1533.334209	9884.78	2267.184843	2349.85183	8273.338271	8804.375236	15351.32808	1068.406717	0	2926.010205	2603.532894	7549.762185	9502.137452	12052.80791	5249.210822	3747.72558	5249.210822	946.512581	413.14	14253.65381	10204.98703	4153.017693	8047.115684	17196.50897	5094.519794	654.2167689	1819.089804	10339.80952	6113.787654	15279.18012	9568.921573	14793.85085	4402.389815	1547.762751	0	1267.902175	18561.38963	9020.123703	11625.01953	10342.32608	857.7706196	7922.503982	8138.149919	12263.22386	986.2131965	1172.948471	10287.30402	16948.64432	11569.77369	16325.29199	11569.77369	13788.21913	15012.01741	3075.749555	4076.25	10461.27397	8448.806354	2045.876707	17063.18517	0	15571.52014	7101.498925	0	582.5	384.9677486	674.8632613	1225.467018	243.0846182	11366.20936	510.3267347	8435.442038	9224.954227	19159.72014	15778.04749	14367.84074	201.5046652	14395.6024	6231.583145	11961.76519	842.624703	4316.48208	4199.997441	4257.271844	14524.79819	600.8935335	0	1172.492021	723.4619701	32191.87318	13474.25648	8438.342915	581.6958061	505.8563323	4002.962387	7303.177764	14958.99768	43.7791856	11072.62278	11072.62278	16226.79735	10541.4759	11353.29962	7066.665189	5104.691274	8670.40795	11760.25658	2493.14813	3978.761336	9292.225952	15755.34306	12138.92521	13549.55632	1385.886897	8077.839303	13705.69939	10716.90166	12866.00549	15420.65227	4024.674281	2616.599934	16141.36759	0	0
Plate4_1136R_0_F_S5_week5_S14_L001	10538.70311	98.29	3062.368128	9211.62913	14289.35218	1173.278286	0	363.3768816	9064.658396	9986.960512	10219.18063	7540.680316	109.2111111	11691.46824	12902.37941	12252.53313	622.0689351	9115.604823	8622.946321	9248.859755	11163.95465	9831.835593	16446.76399	252.9933063	630.1953556	438.542038	13860.81676	6576.107925	5535.768466	10075.82936	6127.608458	6176.026312	5527.56235	2436.624619	8302.41019	16.614201	6646.843421	669.3185973	2436.624619	11646.43763	12993.33657	5007.734932	10395.5999	13118.51497	8240.065854	375.9654706	12048.48255	6881.352303	666.8213079	385.9472157	572.3258389	98.29	130.340388	155.1356744	2544.495214	4652.903236	10793.61995	6371.308158	8471.912178	12940.39928	1333.985193	336.3743889	378.2565557	7891.013434	210.813695	2062.748553	8421.247368	12887.81817	4493.11918	0	0	1110.023877	12346.33642	2371.939577	2822.348193	1331.917548	3583.693997	400.2533046	2295.551209	1012.618596	908.760092	3026.492599	13166.69448	7126.794972	4835.047687	1335.800412	9802.668733	9247.678065	6932.021008	9306.326651	10562.80731	480.734822	628.3926257	9398.325854	7103.588167	8720.847943	0	0	1723.072474	515.7847325	12590.67636	9980.675733	4078.532521	1263.30351	12659.50893	9897.645856	13891.25939	12179.53187	12739.62076	7149.571655	0	417.0914032	417.0914032	6436.278285	6018.666561	0	1086	10039.79973	8769.856527	6085.447669	336.4921924	195.6765194	269.4377398	11703.02258	11026.78538	7742.800768	13185.4216	11672.84626	2715.498166	1327.120671	12899.94722	9411.426785	120.3342436	129.9778979	5408.160662	7202.689342	6900.591905	6900.591905	6900.591905	2647.37562	2647.37562	2647.37562	6302.170172	6686.351826	6302.170172	5732.777684	6900.591905	7081.907568	7081.907568	7081.907568	188.6556395	9777.944058	316.2209344	0	10498.87164	14133.39115	13019.62141	13365.75014	13157.81677	12935.59059	11086.55041	10340.5359	11135.26361	0	7009.70067	5037.32559	10556.67944	8656.399238	6635.538915	1037.55769	7698.387518	12935.59059	13147.41091	5866.596259	598.2484068	3441.607385	24.45400297	9583.133092	8319.063303	9072.688402	466.7675058	7807.8	1805.741907	1862.460913	6257.379299	7438.60036	12999.25255	1084.321987	0	1319.969541	785.4059666	5975.680418	7399.23679	9443.700559	1678.486058	1076.495422	1678.486058	1412.085583	98.29	11508.50073	8052.623385	2647.37562	6260.543796	14123.28154	4398.350749	178.3771964	506.4202859	8960.836556	2164.45442	12179.29408	7612.845622	11820.013	2467.865449	1193.506914	0	347.06342	14491.25781	7115.988718	9439.828041	8283.881737	877.0814045	6505.004396	6444.387598	9926.97445	1012.440096	1182.22784	8086.014483	13680.91153	9213.312958	13225.16113	9213.312958	11018.23022	12090.97054	1700.111916	3201.2	8315.111029	7040.730763	1221.535186	13484.41767	0	12409.74904	5274.458997	0	387.5	261.9454446	451.3273742	918.3914614	144.0578333	9045.309492	127.2961304	7192.312753	7320.233013	15576.58499	13349.60735	11570.84873	132.8192591	11335.68792	4595.653998	8532.693101	254.5808309	3403.333274	3170.08778	3218.057526	11672.84626	154.956207	0	312.7483004	173.9438172	25333.07321	10831.50476	6721.06759	155.0914123	122.10478	2133.691041	5661.041796	12723.9031	36.28256125	8893.802515	8893.802515	13725.21389	8711.485756	9270.651164	5443.223633	3473.291577	7213.169799	9529.285681	1225.867283	2012.068455	7333.06733	12711.71958	9665.111781	10595.17802	346.1374342	6482.742518	11185.6012	8661.775609	10413.99401	12654.08101	2687.218614	2658.993043	12940.39928	0	0
Plate4_2402R_0_F_S5_week5_S15_L001	14705.38397	94.86	3594.800879	7914.253918	18686.58107	679.011048	0	170.2736391	13174.42422	14763.03267	14350.6835	5619.324037	105.4	13765.8232	17064.95633	11672.55906	584.8223125	13114.64766	9277.138629	13774.51642	15710.04515	10746.90259	18369.01404	286.9971495	668.6306632	430.1156665	16735.39912	5192.429661	5694.121475	12632.95527	5177.245442	11159.54263	5824.756506	2076.649972	6791.066354	0	5021.720779	610.6989558	2076.649972	14198.51766	10915.07969	5484.103944	14777.45292	16402.90425	7529.308948	357.0727006	13003.06432	4758.189646	642.6203292	374.4072805	364.5705692	94.86	125.5950763	139.0213421	1964.722658	3872.096372	14907.38229	5270.872984	14781.65713	16659.85139	1352.613256	126.4123098	368.0316381	8210.603373	194.5731658	1294.63586	12884.68538	11662.17167	1289.52144	0	0	1170.479546	17193.02473	593.9892295	687.7526919	775.1143148	3577.882627	265.9108295	2320.724615	41.68037038	1240.18091	3800.236131	17782.6805	5825.033831	3354.950358	734.9644446	13558.75357	13122.45051	5630.860448	9390.219219	15401.4954	206.1822397	349.2170502	13232.31582	6291.240247	12972.34325	0	0	1082.066782	204.7345461	16114.1447	10534.65784	2328.925043	787.3419749	16124.59748	8884.347665	18026.15112	15917.72421	16196.90532	7506.26362	0	308.7847847	308.7847847	10663.03598	10425.00447	0	489.29	15291.49523	8485.658124	12211.44961	160.535629	94.86789029	142.6700168	11638.97043	8635.571787	6927.168294	16528.65058	16707.56908	2323.816462	929.9696599	17657.08758	9939.465241	110.5935916	128.4152763	10468.66253	11874.74717	9343.901828	9343.901828	9343.901828	3282.002929	3282.002929	3282.002929	8247.328506	11489.31974	8247.328506	10775.98719	9343.901828	11793.45981	11793.45981	11793.45981	70.00902029	14637.70026	308.5365226	0	10772.34508	15138.11459	16350.51327	13356.96508	17013.5219	17000.3461	14511.63114	14501.83839	15866.14466	0	6359.746908	5680.457201	14029.15405	12211.44961	6316.254529	1970.481544	6830.105227	17000.3461	13785.58995	4563.316215	396.5977254	4834.346606	71.9900134	9537.060234	7238.047438	8690.13061	395.5923955	12256.01	1119.197379	1165.797269	6040.762983	5708.910779	14004.22282	1967.298757	14.477999	1098.491554	737.82456	5046.924665	7857.622782	11674.58457	1694.965533	1067.370317	1694.965533	0	94.86	15923.11993	12407.39218	3282.002929	9428.097445	17795.95367	2945.578183	180.7162779	536.4518216	13311.53024	2395.799767	18093.25142	6546.500393	16235.56872	1620.507528	667.7526501	0	332.4038623	17675.62016	8076.347534	11292.39877	12139.75421	1663.787403	5387.70511	7347.052918	13583.18351	187.4089712	2236.52985	10477.07928	18894.01667	13278.15913	16981.62739	13278.15913	15165.59275	16943.12322	2654.459512	2123.84	6301.109361	6055.363999	607.5171217	15902.3032	0	12542.34458	10247.034	0	822	173.8603451	953.1860319	344.9212887	180.0117786	13121.03485	120.5284872	5369.585217	6453.081322	18360.09846	14239.77193	15717.68969	49.08231867	16370.28678	9635.131846	10010.75928	229.3285786	2389.451673	2405.247281	2571.373185	16707.56908	143.3519074	0	357.3992566	168.1611653	28622.95641	15316.77204	8145.429713	144.4262612	119.9305558	1956.716173	6646.609928	13551.70814	47.48014491	13953.64345	13953.64345	14562.26042	8558.256164	13166.86498	8435.025961	2251.853267	4894.348933	13424.5216	770.2228089	3276.383032	5927.094462	18146.68749	10659.5014	15775.3851	336.6377792	9124.590392	16778.05576	8463.382991	14197.48875	17115.6097	3245.738733	678.3478794	16659.85139	0	16.49682356
Plate4_2402R_R_F_S5_week5_S16_L001	12062.87366	433.57	5047.583509	10436.83116	15955.1593	2335.276829	0	693.8041372	10781.30532	12048.78943	12091.86871	7097.027321	481.7444444	11930.94281	14355.72453	13399.09764	2076.300324	10270.76338	9321.308378	11556.45924	13203.66998	11918.38068	16351.59088	863.3682854	2253.757519	1524.456889	14123.20818	7564.268018	8475.988321	10942.51843	6731.534741	8416.515965	7594.289582	3572.07776	9275.712821	0	7653.534909	1783.118419	3572.07776	12709.05604	12193.21708	7717.589042	11989.59863	13859.88197	7708.052112	1426.241427	13106.15075	6694.270733	2486.410619	1610.457935	575.0474685	433.57	564.8604701	637.8494492	5210.333633	3526.467983	11999.09266	6826.845607	11369.83884	14264.02784	4030.447876	873.5595322	1485.985187	8927.193128	860.7643509	2573.940036	9451.185392	14125.76194	3519.912762	0	0	3825.369492	13570.753	1864.659516	2197.190239	1650.984313	6480.243019	425.8652333	3145.652299	12.98758602	3091.955833	4008.43068	14439.07404	8248.633353	4846.658462	1272.717801	10787.07952	10145.83159	7158.550214	9406.287348	11993.51594	805.9362003	1317.38916	10370.04742	6476.115914	9923.481206	0	0	4396.333676	1328.060983	13866.33637	10279.8246	2959.615106	1682.997324	13868.63032	10447.2769	15306.50343	13442.9793	14014.41052	7344.570358	0	1027.070933	1027.070933	7997.564267	7860.661692	0	660	11927.47488	9520.943874	8802.631122	852.5392086	486.9089538	662.9985631	12244.83686	10239.25857	7870.539274	14088.8768	13187.19078	5192.467127	1886.019039	14429.7629	11058.42432	463.4386024	555.7024762	7362.190593	8790.673928	7905.057858	7905.057858	7905.057858	2536.553053	2536.553053	2536.553053	7347.992109	8548.831616	7347.992109	7678.530958	7905.057858	8720.415253	8720.415253	8720.415253	502.2357622	12276.83663	1276.874501	0	9747.231524	13654.19669	14010.90846	12225.17905	14288.54214	14228.04365	12204.9165	11981.50286	12967.25174	0	6476.285894	5580.149417	11844.47957	10694.88764	7324.895793	974.3812832	7812.018549	14228.04365	12336.15509	7013.012541	640.7669642	6618.607792	81.3151939	9645.844133	7914.844056	9002.674105	1504.284511	8784.82	2726.757837	2885.391916	6449.935802	7778.703145	12428.97242	2252.739061	7.428128152	2615.695906	2524.076116	6162.905594	8866.571432	10297.01623	5263.844195	3819.378526	5263.844195	0	433.57	12759.19857	9045.540314	2536.553053	8250.414198	14682.28679	3820.808245	747.9788432	1933.391922	10108.56155	6073.09804	13203.13428	7794.619773	13255.03252	2536.680013	2054.682951	0	1332.035135	17680.08229	8037.821012	10131.86808	9625.69066	1902.623033	6092.071069	6971.110594	11077.10278	330.9850196	2476.028599	9435.123291	15729.04664	10829.38935	14852.9867	10829.38935	12706.50082	14025.67982	2684.67953	3384	9009.645065	6349.337069	1203.373784	13351.23732	0	12530.34967	7732.134597	0	215.5	239.1451785	263.5854038	1761.416816	565.134433	10736.47936	523.6058786	5770.197134	6662.751598	16370.54283	12713.33165	13104.53883	356.4557406	13066.74828	6746.672967	9810.133703	860.3192714	4098.484425	4229.31725	4668.272227	13187.19078	584.5375891	0	1264.37279	758.6614501	27202.75589	12314.79009	7716.837055	600.785688	526.064992	3902.524795	6869.10378	12025.3611	69.98710548	11236.64808	11236.64808	13110.23244	8620.803427	9861.246287	6651.856924	4197.217646	6931.552115	10311.90028	2927.527281	4936.314432	6964.185957	13975.99367	10088.57093	12685.95252	1442.528304	7723.517742	12345.57642	8670.396415	11658.71939	14253.87297	2548.050798	2011.24608	14264.02784	0	0
Plate4_2433R_0_F_S5_week5_S17_L001	17376.73359	253.86	6168.906325	14776.39024	23283.84299	2243.339088	0	684.8030416	15274.13747	16957.23292	17056.90664	10842.93164	282.0666667	17491.14108	21070.48555	19080.25649	1502.988896	14886.53013	13582.98032	15784.03904	18625.06308	15852.36913	25583.04227	608.2517383	1546.570094	1027.771267	20657.62407	10829.70942	9562.369287	16065.88875	9078.189386	10814.79473	9046.728927	3871.131049	12360.16852	0	10971.97295	1317.116718	3871.131049	18588.42317	18732.05263	8551.025865	17241.0394	21072.96763	12747.97059	934.7394815	19082.93272	10765.41532	1666.984197	985.4169451	815.7756653	253.86	335.1238671	391.8131175	5165.316843	6316.22417	17658.60172	10419.7605	15013.12234	21035.07968	3150.92766	726.6350755	953.0286149	13045.96784	533.5376063	3362.145516	13593.21389	20101.17392	7234.374808	0	0	2684.459101	19887.23211	3816.719948	4615.9354	2178.779574	6364.38615	559.4286147	3487.986409	1507.641641	2027.311803	5602.395742	20038.31994	11913.75448	7684.43356	2076.707936	15806.57977	14989.5553	10012.76845	14532.65772	17446.92482	1076.785911	1214.81751	15271.45175	10270.91647	14025.32321	0	0	3687.807558	1122.049648	20038.66792	15457.39256	6807.588281	2071.828443	19970.35463	15420.41105	22577.80993	19799.36583	20694.89429	10718.02389	0	890.8831618	890.8831618	11347.37858	10816.5497	0	1821.29	17061.58539	14189.02663	11296.02558	673.8758461	422.1545383	565.7962597	18168.4856	16190.70234	11800.84011	19678.46239	19430.09067	4981.925385	2105.829924	20947.18588	14864.0967	274.8985894	333.2663309	9575.91179	12159.16449	11233.33307	11233.33307	11233.33307	4808.570579	4808.570579	4808.570579	10261.2306	11456.48897	10261.2306	10085.55209	11233.33307	12002.99851	12002.99851	12002.99851	414.0292464	17411.79662	802.2693526	0	15294.85934	20464.79289	20711.90881	18525.39979	21136.38681	20934.95236	17685.04877	16692.50314	18045.24858	0	10335.94855	7702.325566	17217.03005	14199.96466	11112.12751	1897.097735	11718.22859	20934.95236	18473.08965	9649.012595	828.5601938	6105.053762	41.35779307	14933.94879	12670.32979	14051.87777	1075.701932	12698.71	3000.587959	3100.256756	10366.14149	10055.90056	18434.93334	1931.404426	4.571267737	2311.876747	1878.934006	8528.238205	11710.87451	15051.27556	4009.240606	2650.545914	4009.240606	2215.028199	253.86	18707.0666	13088.63627	4808.570579	11206.58662	22063.05242	6510.662787	447.0398187	1205.276047	14063.73906	4828.560224	19765.696	11489.63243	19205.19421	4232.509542	2050.243365	0	854.2628403	23739.08226	11410.84764	14943.10289	13454.23827	1575.074826	9496.183688	10202.46423	16155.99959	1636.865581	2119.78449	13357.13407	22461.94087	14732.07991	21578.62798	14732.07991	17758.45637	19580.26295	3370.278578	5061	12061.80324	10068.0749	2146.167463	21608.56798	0	19299.30842	9872.996868	0	718.5	526.5820657	834.9161627	1834.041266	340.2736289	15225.27399	323.5269973	10559.20582	10651.05085	24173.79349	18988.44019	18602.0992	292.0774722	18612.88761	8632.703212	13899.17952	585.1443049	5616.065751	5326.831705	5411.244371	19430.09067	389.2376867	0	774.5242934	448.1026831	40509.17744	17594.18332	10859.19666	359.1296309	313.6449679	4324.815566	9493.192319	17925.29185	68.6602342	15425.16571	15425.16571	19532.49296	13434.20443	15011.53231	9367.203868	5653.703883	10343.29825	15410.71261	2535.160062	3763.289161	10938.15642	21609.81017	15225.13369	17761.50346	883.5867637	11150.58974	18055.44603	13137.73523	16951.13996	20512.18722	4792.362383	4328.144284	21035.07968	0	0
Plate4_2475R_0_M_S5_week5_S18_L001	20057.08336	262.29	6912.83679	16851.59459	26945.00535	2554.908269	0	742.5742607	17375.38875	19244.53703	19545.40064	12709.51957	291.4333333	20613.95327	24179.06751	22179.16846	1578.823142	17363.16991	15847.44992	18034.29062	21337.29022	18023.75301	29630.35469	641.858207	1642.072991	1122.093549	23916.67376	12764.47749	10804.34016	18483.40961	10459.18401	12185.93297	10531.69175	4375.113112	14016.33157	26.45013764	12092.4228	1505.510342	4375.113112	21515.18209	22193.10376	9990.808919	19805.05059	24540.73624	14848.47159	974.635482	22081.0613	12538.51698	1738.786795	1021.812981	1047.551784	262.29	346.4225515	399.3764572	5598.852442	7632.384311	20395.81212	12134.07656	17522.39158	24146.55764	3336.550471	652.6381272	991.4878115	15180.94245	549.1311966	3468.319927	15783.25239	23633.68232	8682.595791	0	0	2868.36363	23200.58225	4465.913551	5389.313988	2206.414061	7121.502168	742.0713678	4236.077317	1929.442823	2240.87519	6582.03605	23346.33705	13467.7112	8865.641629	2095.512906	18365.53796	17435.34687	11846.87478	16925.19601	20140.17125	1168.068482	1382.840971	17660.39289	12164.29256	16142.92279	0	0	3599.926196	1006.799117	23161.78987	18216.76578	7790.551834	2230.609907	23109.61702	17507.02742	25941.79165	22758.78123	23659.55883	12799.57818	0	850.617002	850.617002	12757.17506	12088.31375	0	2092.5	19647.61334	16495.58625	12666.87758	702.0575552	378.2513068	534.0224457	21034.65021	18922.11499	13648.45264	23142.17371	22451.42122	5738.473141	2556.027275	24183.13001	17970.55066	304.2216632	344.9546189	10802.94842	13929.92533	12957.79364	12957.79364	12957.79364	5864.992977	5864.992977	5864.992977	11766.92323	13002.9923	11766.92323	11398.2912	12957.79364	13735.06037	13735.06037	13735.06037	374.066982	19755.06935	832.1602676	0	18049.97765	24302.06199	23986.20975	22244.95208	24263.46102	23942.93472	20372.71175	19092.28191	20718.43285	0	11915.87448	9359.697807	19840.0862	15843.94717	12729.50749	2478.532378	13559.32313	23942.93472	22136.92191	11133.60485	1096.692801	7841.741477	44.74605023	17423.60743	14847.73183	16415.57113	1104.517878	14679.18	3408.196605	3526.433763	11885.69427	11530.73246	21916.26291	2726.237447	2.285681764	2744.913019	1977.871525	10319.70585	14306.65185	17262.22704	4231.291476	2773.833721	4231.291476	2719.532908	262.29	21604.60436	15079.70653	5864.992977	12628.17024	25956.10647	7753.607154	476.8741943	1285.088323	16212.26386	5229.070069	22913.81793	13360.30449	22304.5137	4931.410325	2224.25386	0	904.2769353	26715.64894	13306.05709	17294.04024	15364.72164	2244.308588	11374.19785	11909.22939	18638.38693	2121.471001	2976.599076	15473.2479	25879.55968	16810.96961	24862.78958	16810.96961	20330.36901	22526.91267	3926.7865	5242.2	13810.46819	11910.13252	2343.049179	24993.77177	0	22461.13485	11060.07736	0	956	572.5247534	1115.669465	1732.921618	402.3125947	17328.22842	333.8402306	12499.73772	12321.43744	28131.25597	22677.32961	21361.09438	263.4400025	21374.20894	9608.667054	16073.20276	630.3523671	6507.930219	6121.586863	6202.50914	22451.42122	402.914774	0	805.3958134	463.3747078	47001.76016	20227.44654	12623.35067	394.1870111	324.5003881	4624.275848	10824.71275	21474.47251	71.36280151	17670.2663	17670.2663	23306.8816	15657.27337	17469.29335	10742.56725	5949.049196	11887.38938	17899.86495	2508.483515	4950.881298	12858.06185	24974.59442	17621.5573	20451.16966	916.0476503	12686.87981	20857.83854	15656.65636	19577.46462	23459.58902	5664.627114	5226.429927	24146.55764	0	0
Plate4_2475R_RL_M_S5_week5_S19_L001	20060.42164	691.71	9080.77936	16984.80439	26849.25103	4160.27997	0	709.3533276	17328.35615	19251.79793	19713.52225	13056.61211	768.5666667	20710.31082	24054.75973	22331.86814	3332.19918	17368.34732	15928.91017	18665.77825	21517.28201	17570.95404	29553.45563	1443.856698	3501.805282	2371.029518	23958.7917	13563.17875	11719.62073	18679.45546	10709.81319	12267.17264	11435.53574	5068.400819	14017.73618	0	12147.50197	2580.699114	5068.400819	21691.2769	23433.09298	11275.31607	19937.75635	24383.42944	14675.13428	2322.431727	22413.59884	12856.28929	4076.792941	2584.503254	1026.703124	691.71	900.083723	968.5901291	7682.120762	7377.057516	20284.26331	12240.57174	17539.91706	24006.4619	6634.229103	740.7941927	2405.249605	15356.74087	1355.631705	3881.731707	15904.48212	23853.01378	9369.841512	0	0	5946.969441	22993.54639	4577.823083	5512.832659	2564.973115	7948.909779	698.1977985	3093.675913	1938.206919	4575.00911	7289.568318	23637.70363	14177.5728	9589.710331	1942.503934	18430.06802	17509.70809	12195.11403	16827.43177	20068.33142	2314.470029	2375.790088	17649.92076	12454.92986	16648.38287	0	0	4948.943413	1091.176245	23251.47554	18264.51101	7811.527135	2646.708287	23171.02126	17590.82072	25785.7042	22631.03456	23475.25766	12749.72538	0	1530.944298	1530.944298	12998.60039	12322.8218	0	2128	19902.88561	16663.28698	13241.57799	879.3290658	406.3623278	618.6635976	21375.20618	18560.90187	13782.53723	22940.39463	22230.62497	8289.394119	3099.458291	23948.20819	18438.51016	709.1043884	891.7420499	11271.59646	14240.5143	13319.84028	13319.84028	13319.84028	5804.902478	5804.902478	5804.902478	12187.83617	13374.64667	12187.83617	11849.032	13319.84028	14062.8254	14062.8254	14062.8254	437.1767496	20847.60704	2038.320451	0	17881.82988	24051.76205	23875.78684	21911.96683	24101.36137	23719.53212	20331.32087	19404.43872	20948.36125	0	12017.60006	9467.257357	19848.99546	16084.9556	12800.14665	2062.183918	13700.97185	23719.53212	21865.77429	13500.36624	1023.254184	8318.632999	62.12812339	17363.21982	14794.77519	16324.11572	2383.16594	14831.56	3425.652571	3551.735139	11869.74429	11775.4743	21798.44322	2445.621797	5.714067863	3765.942431	4061.104074	10648.03061	14685.55875	17524.01915	8496.567053	6136.641151	8496.567053	2752.470693	691.71	21537.56103	15205.15119	5804.902478	12895.77181	25785.63644	7656.606625	1120.735879	3033.86919	16703.72744	9844.628868	22880.67889	13572.22666	22610.09806	5846.354708	2282.540556	0	2119.897691	27454.13929	13672.16908	17304.74019	15643.22343	1997.855814	11453.70121	12094.09498	18558.7868	2075.286163	2674.975291	15740.61203	25619.77142	17288.75162	24632.96924	17288.75162	20618.94276	22692.25759	4551.753443	4828.5	13754.68523	11890.69198	2698.273515	25034.94144	0	22529.04846	11599.99327	0	776.5	540.1522864	906.0625592	1832.110748	656.7340608	17282.33656	833.1570218	12364.81956	12486.04146	28082.47252	22434.17991	21498.2142	308.2118413	21696.24851	9955.65076	17295.04371	1371.285151	6821.540408	6487.10553	6548.154822	22230.62497	969.0116593	0	1951.767579	1209.227695	48049.85438	20266.82026	12940.75264	922.5249939	842.9862784	6286.963195	11194.73954	21242.4257	86.64435616	17656.54819	17656.54819	23060.68996	15572.09243	17397.6928	11051.85758	6662.983138	12042.2885	17897.73857	3373.716346	5318.309406	12933.23212	25489.45876	17940.24962	21038.61248	2308.03478	12615.05803	20995.52922	15756.47198	19490.62901	23583.93415	5676.556887	5755.901474	24006.4619	0	0
Plate4_2518R_0_M_S5_week5_S20_L001	14037.41996	153.29	4401.206561	11381.40326	18586.32032	1480.232231	0	604.6221185	12464.35247	13856.57256	13804.66926	8209.670608	170.3222222	14257.19695	16951.59702	14819.35906	941.6574397	12084.10221	10679.97281	12937.87502	15080.1338	12637.1069	19979.87522	368.566762	974.8947006	653.6149918	16729.5766	7850.427513	7468.338357	12902.95724	7148.270916	9158.791948	6984.899451	2991.196029	9737.133052	0	8287.123906	934.1518666	2991.196029	14856.56805	14139.78819	6482.390763	13979.56313	16720.61481	9625.478585	574.1460579	14991.59243	7935.901605	1025.928307	599.4085882	664.1792508	153.29	202.8792138	246.4197483	3903.923149	4881.010742	14254.60889	7890.042239	12296.40333	16845.01054	2021.314719	636.7973875	584.4614887	10178.29673	330.2671168	2581.882686	11190.13266	15182.70529	4932.169064	0	0	1711.154719	16068.95462	2699.335858	3242.011451	1663.102061	4958.406151	474.6656465	2899.690973	897.2083215	1273.199552	4375.215051	16493.82167	9055.179209	5861.595659	1641.839373	12777.9775	12147.2627	7609.261004	11326.72045	14239.36006	661.0176404	789.3870568	12404.84205	7891.873674	11567.06946	0	0	2999.570502	990.7660784	16135.1374	12059.02748	4544.266717	1591.965728	16107.1772	12019.48557	18114.51052	15898.76643	16607.5454	8365.757392	0	778.7360594	778.7360594	9390.10155	9023.885791	0	1117.43	13907.27947	10986.77113	9642.877253	501.3889001	371.6082683	470.7815412	14214.40411	12339.71508	9134.753611	15946.91727	15780.63911	3661.150538	1644.098144	16971.16445	11345.74315	172.1147748	201.8623844	8159.465539	10116.37018	9139.185344	9139.185344	9139.185344	3515.106287	3515.106287	3515.106287	8363.611594	9642.115185	8363.611594	8558.400885	9139.185344	10000.87754	10000.87754	10000.87754	353.1879299	14158.47672	491.2765146	0	12169.59612	16589.47748	16650.59487	15070.92269	17061.69361	16954.41186	14335.32606	13644.04615	14787.28532	0	8072.620784	6151.834152	13854.06605	10778.28709	8645.780597	1581.081262	9060.331213	16954.41186	15098.11355	7156.583943	702.153693	4630.296786	19.78724086	11600.45336	9667.225136	10870.68326	691.993961	10508.61	2568.065954	2667.521829	7869.720349	8148.621614	15078.78486	1429.233531	10.66175053	1771.592944	1183.638047	6443.583238	8928.599796	12083.58486	2556.642344	1655.051517	2556.642344	1301.40386	153.29	15175.60332	10818.29981	3515.106287	9398.071475	17678.10005	4832.56324	275.1658905	732.0647882	11783.2008	3093.133948	16200.46047	8840.164134	15462.15296	3107.556157	1782.356937	0	528.8061374	19117.52836	9076.852788	11959.05829	11065.26415	1163.715208	7223.42724	8154.023051	13085.36242	1054.853918	1577.990871	10790.83005	18228.65666	12180.71598	17194.02543	12180.71598	14469.32943	15999.76191	2691.978393	3976.16	9431.573185	7815.381384	1386.942693	16723.32803	0	15011.84752	8423.712462	0	602.5	452.6051985	697.3683305	1554.444982	215.7904191	12420.80589	197.1762458	7920.065415	8298.235143	19400.53095	15495.36515	15146.47853	249.2613483	15158.89765	7350.096501	10859.28565	376.3483206	4122.687376	3966.948127	4037.097211	15780.63911	237.2662217	0	467.6264684	271.0795892	31483.25926	14353.4511	8737.151954	224.8345392	189.8321169	3296.266902	7651.902935	14683.9249	51.16713221	12641.99097	12641.99097	15932.07556	10441.01393	12152.40651	7764.253929	4361.713062	7876.948215	12538.04665	2050.094767	2850.162708	8337.375872	17441.10796	12067.69573	14457.8005	538.1501273	9195.482419	14909.76145	10139.65638	13692.40171	16576.7312	3590.839158	2891.150543	16845.01054	0	0
Plate4_3924R_L_F_S5_week5_S21_L001	15934.23208	113	4193.857204	13132.95317	21151.1063	1386.435987	0	344.2338619	14230.64661	15815.90818	15663.43877	9545.614278	125.5555556	16189.02072	19491.61115	16728.51699	729.1199336	13402.51893	12124.76294	14244.7005	17097.91544	15035.59182	23301.47458	320.05114	761.4311851	506.2074602	18845.68849	8243.866254	8082.122033	14888.76065	8216.547783	10415.94803	8306.306226	3482.803467	11424.12624	0	9967.875382	680.671271	3482.803467	16917.63286	16234.52499	7648.387452	15926.03954	18992.89919	11265.78432	432.7198089	16999.44862	9309.001699	776.0134401	445.1750629	543.5161419	113	150.0272973	172.6422138	2930.620834	5816.835081	16166.79593	9079.988924	13724.91826	19440.6037	1587.789794	281.6033043	438.1813633	11563.53862	238.3423376	3328.861303	12614.45578	17255.4214	5003.690143	0	0	1322.645519	18352.90412	2292.87167	2739.143293	2261.768858	5235.103286	340.5985096	2100.306267	966.1388053	1244.373009	4945.88193	18460.27732	10323.88994	6605.772219	2335.740442	14272.23498	13565.0534	8332.513597	13132.58959	16207.26531	544.1511532	730.6553056	14045.14664	9281.973796	13017.85067	0	0	1563.157002	425.4649274	18420.29915	13603.33141	5369.593996	1670.422458	18363.01572	14315.4427	20851.01883	18279.55941	19220.06808	9521.316893	0	386.615174	386.615174	10538.17485	10071.64068	0	1365.28	15597.9635	12571.26819	10598.20273	304.5293778	163.0437093	233.6963761	16175.65393	14268.5719	10450.76564	17918.10753	18138.01736	3066.381618	1291.985296	19351.81989	12690.17548	123.8161087	149.4098896	8876.028306	11102.78552	10081.89951	10081.89951	10081.89951	4456.305431	4456.305431	4456.305431	9157.697893	10469.28636	9157.697893	9343.252978	10081.89951	10960.05301	10960.05301	10960.05301	157.7958061	15573.21543	367.2261898	0	14051.21315	19108.37568	18935.5519	17550.19618	19615.43957	19500.0559	16361.24759	15153.41891	16462.58707	0	9771.576824	6814.204784	15742.1119	13709.80533	10050.78837	2270.694038	10369.74676	19500.0559	17461.22514	8610.245256	512.954203	4241.518979	49.79603992	13416.96285	11344.4308	12620.79143	575.4834969	11832.6	1769.846416	1803.449644	9207.273515	9278.119549	17345.52854	1478.928638	7.999488293	1257.641652	923.5797706	7135.677727	9865.278249	14004.46965	2001.618767	1264.004361	2001.618767	1453.143839	113	17239.91865	12251.37894	4456.305431	10527.89525	20362.11691	5560.100432	209.531806	588.7053554	12952.64368	2606.427875	18497.76581	9972.973248	17232.691	2627.219029	1044.43635	0	400.710044	21683.02109	9946.391631	13574.95009	12147.8867	1201.404125	8255.839179	9131.723552	14830.86518	1018.401872	1633.306188	11958.57105	20771.71031	13332.98634	19761.20832	13332.98634	16158.59916	17932.72084	3035.02358	5654.75	10883.28717	8696.642293	1598.730475	19485.07839	0	17149.4634	9161.987208	0	906	318.5736646	1022.520259	811.9129305	187.6089237	14179.78116	147.7423566	9220.165338	9986.605041	22036.58859	17878.0233	17051.11103	110.8116295	17254.16446	8152.502666	12128.99528	280.3151252	4806.949069	4510.020933	4592.667711	18138.01736	180.1761515	0	385.4999464	200.2100661	35696.64059	16105.32345	9571.684289	162.7606417	140.364482	2610.024192	8658.545657	16958.88371	58.46847451	14173.06494	14173.06494	18379.16435	12273.63569	13806.77812	8684.023142	5522.967039	8979.910045	14065.63689	1117.78209	2455.043473	9696.5827	19221.49864	13763.92684	16007.55751	400.0228145	10314.80923	16840.91335	11337.00474	15654.6551	18508.29254	4554.14165	2857.7954	19440.6037	0	0
Plate4_3929R_0_F_S5_week5_S22_L001	16927.4933	347.86	6238.222121	15537.07537	23264.52657	2201.943261	0	650.7835408	13976.10382	15312.98803	16191.80286	13225.96433	386.5111111	19840.43515	20316.37475	21012.42884	1986.869498	14441.84068	14301.25854	14825.59704	17686.56928	17713.02743	27963.25609	838.9749059	1967.94664	1381.981854	23901.96742	11382.92737	11182.2746	16373.36135	10724.33254	9969.686281	11587.7516	5292.43377	15524.48823	0	11519.29734	1941.441948	5292.43377	18956.92528	23287.08738	10950.45702	16229.52957	20622.01127	12411.95027	1279.479734	19825.01501	10144.20261	2184.175875	1336.782801	807.436371	347.86	459.0445485	521.4829652	5992.229367	8086.060097	16875.88136	10450.88021	13502.68271	20477.66893	4002.83225	744.968422	1283.427068	12851.14854	720.5580329	3728.738227	13689.56683	22791.73105	4160.207584	0	0	3583.349816	19971.2373	2130.820505	2465.163595	2180.439546	7924.8183	568.3449713	6447.163551	138.7641178	3259.654788	4707.773819	21556.73604	11972.71627	7646.386041	1974.289014	15486.70317	14560.96851	13093.23423	15098.43595	16467.03434	790.8856673	1195.816334	14765.99573	12379.73595	14239.89615	0	0	4587.622861	1145.954945	20544.95794	16579.16754	5711.541217	2158.377973	21277.82924	16343.30394	21926.88606	19240.90923	20063.32342	12900.21191	0	916.5235787	916.5235787	8895.244201	8550.607788	0	1465.57	15076.7059	14393.07492	9085.361654	783.5548571	430.767167	601.507015	19379.41234	18659.24429	12873.73763	22110.13649	17872.22295	6502.198409	2350.645109	20708.38147	17359.67842	399.7062394	456.6358581	8641.680908	11478.16392	10903.52458	10903.52458	10903.52458	3713.331623	3713.331623	3713.331623	10033.14812	10777.91298	10033.14812	9152.470175	10903.52458	11286.85196	11286.85196	11286.85196	426.0315037	15391.95621	1065.159087	0	17450.60635	24210.77156	20896.76171	23630.7958	20921.5166	20437.79143	17883.78773	17045.53042	18228.71726	0	11819.92015	8656.387194	16705.98807	15201.02449	9963.229934	987.5888263	12820.92891	20437.79143	22968.39161	9708.941629	842.8342129	10064.97657	156.8697047	15600.54155	13639.32727	14811.69978	1354.468624	12456.86	3105.908848	3243.460461	10128.14115	14505.24385	22670.70261	3028.568311	27.42501786	3155.369952	2467.436054	11633.20006	13791.79826	15436.68672	5031.301963	3439.435801	5031.301963	177.1956451	347.86	18158.61825	12842.17253	3713.331623	9342.535698	22721.19983	7104.839409	634.30279	1731.230837	14212.59502	6303.542602	19026.93697	13439.32528	18949.39838	4446.972893	2084.614948	0	1148.3587	24468.55891	11375.65741	15336.46666	13461.03728	2508.611555	11240.94196	10499.26147	15701.19148	773.2184613	3227.522224	12720.36677	21843.50491	15445.08731	21268.82191	15445.08731	18179.64883	19776.91593	2891.687888	5165.75	15926.39044	12018.33724	1925.745837	20822.37846	0	20954.06508	7902.688308	0	352	336.7990309	429.7278081	1844.480677	546.1264744	13957.02038	436.220232	10570.07277	12467.51393	25665.39756	23146.72911	18867.55512	300.6836372	18095.90263	6860.124793	13964.42425	765.34547	5695.575895	5753.501556	5940.646055	17872.22295	514.3439555	0	1134.561031	612.9140587	41231.24798	17478.97581	10870.05139	518.6262086	429.7587377	4307.217649	8939.042307	22210.98537	117.187243	13779.49087	13779.49087	23834.07716	13996.4236	14217.57908	8264.171003	5674.862809	12817.57651	14812.03904	3264.718229	7001.967016	12417.09233	18574.62295	15314.84906	16828.59503	1193.106186	9642.078563	17486.11461	14724.11685	16560.95927	20122.6868	3786.59985	2275.355906	20477.66893	0	0
